nama,harga,rating,jumlah_review,link,wilayah
"Home in Cibeunying Kaler - Serene Pet-Friendly Family Lux Villa, Aqua Ville","Rp 9,848,899",5.0,33,https://www.airbnb.com/rooms/1647712818622104523,Kota Bandung
"Apartment in Cidadap - Dago, Ciumbuleuit, ITB | Cozy & Comfort | 4 Guests","Rp 3,446,781",4.98,132,https://www.airbnb.com/rooms/1583745571091269827,Kota Bandung
Home in Sukajadi - Pine Breeze W/ Backyard,"Rp 12,500,000",4.95,112,https://www.airbnb.com/rooms/1400529902543354123,Kota Bandung
Apartment in Cidadap - Abony | Bandung | PVJ | Lembang | Pool,"Rp 2,054,119",4.87,38,https://www.airbnb.com/rooms/1496783488914922824,Kota Bandung
Home in Cidadap - Wangiterrace,"Rp 9,883,877",4.98,51,https://www.airbnb.com/rooms/1504314537783385401,Kota Bandung
Home in Cidadap - Villa Zenka by Kava Stay,"Rp 8,312,500",4.8,10,https://www.airbnb.com/rooms/1725329399059912416,Kota Bandung
"Home in Parompong - Big Family Villa with open space, Coney Ville","Rp 9,498,548",4.96,456,https://www.airbnb.com/rooms/52666488,Kota Bandung
Apartment in Cicendo - Raj Estate– Lux Apartement @ Gateway Pasteur,"Rp 1,990,000",New,0,https://www.airbnb.com/rooms/1734004458707716799,Kota Bandung
Apartment in Kecamatan Cidadap - CozyGreenStudioWMBalconySmartTV WIIM LEGO,"Rp 2,163,548",4.99,148,https://www.airbnb.com/rooms/1123071848744434654,Kota Bandung
Home in Kecamatan Bandung Wetan - Upstairs Tamanari,"Rp 6,961,180",4.98,131,https://www.airbnb.com/rooms/962143730936904891,Kota Bandung
Apartment in Kecamatan Sukajadi - 2BR Apartment Majesty W/ Pool,"Rp 4,150,000",4.91,101,https://www.airbnb.com/rooms/1304028160969350787,Kota Bandung
Villa in Lembang - Cherry House Villa | Punclut Bandung,"Rp 6,100,000",4.93,345,https://www.airbnb.com/rooms/47212839,Kota Bandung
Apartment in Cicendo - Terra | 2 BR Lagom Suites | Pasteur Gateway,"Rp 2,359,720",4.93,46,https://www.airbnb.com/rooms/1415085424885277266,Kota Bandung
Apartment in Kecamatan Sumur Bandung - Boaz La Grande Apartment  Jl. Merdeka   2 Bedroom,"Rp 3,252,354",4.9,125,https://www.airbnb.com/rooms/1206782548574391457,Kota Bandung
Apartment in Cicendo - 2BR Gateway Pasteur W/ Pool,"Rp 3,250,000",4.95,82,https://www.airbnb.com/rooms/1484600971492317883,Kota Bandung
Apartment in Sumurbandung - [Luxurious&Magnificent]LaGrande 4 Apt Bdg|4guest,"Rp 2,440,000",5.0,64,https://www.airbnb.com/rooms/1630927216387438913,Kota Bandung
Apartment in Cidadap - 2BR Parahyangan Residences W/ Pool & Playstation 5,"Rp 3,174,000",4.98,46,https://www.airbnb.com/rooms/1585446244570868458,Kota Bandung
Apartment in Andir - Rosewood 01 | 2 BR Curated Home | Sudirman Suites,"Rp 5,330,601",5.0,7,https://www.airbnb.com/rooms/1714912925914707856,Kota Bandung
Home in Ngamprah - NEW! 2 BR Cozy Tropical Family House near Lembang.,"Rp 3,488,428",5.0,4,https://www.airbnb.com/rooms/1702616544325915306,Kota Bandung
Home in Kecamatan Coblong - Terra castle zen garden. Quite hours after 9 PM,"Rp 2,521,979",4.82,91,https://www.airbnb.com/rooms/1248527436884976500,Kota Bandung
Home in Parompong - Hana Villa by Kava Stay,"Rp 14,297,500",5.0,30,https://www.airbnb.com/rooms/1669533581640154472,Kota Bandung
"Villa in Parompong - Huge Family Villa with open space, Monroe Ville","Rp 10,915,159",4.96,438,https://www.airbnb.com/rooms/53303572,Kota Bandung
Home in Lengkong - Iremia House 3: Above The Crowd,"Rp 6,129,810",4.98,53,https://www.airbnb.com/rooms/1478856517073162469,Kota Bandung
Tiny home in Cimenyan - Vila Kubus A for 2-6 orang,"Rp 6,500,000",4.93,289,https://www.airbnb.com/rooms/997426152002576278,Kota Bandung
Apartment in Cimenyan - 2 BR Rooftop Apart w/ Netflix & Spectacular View,"Rp 3,300,000",4.78,294,https://www.airbnb.com/rooms/41043129,Kota Bandung
Home in Kecamatan Arcamanik - Izzy's House-Feels Like Home,"Rp 4,850,002",4.92,85,https://www.airbnb.com/rooms/1368594754513768140,Kota Bandung
Apartment in Coblong - Kallista | Bandung | Dago | ITB | UNPAR | Pool,"Rp 5,962,650",4.92,26,https://www.airbnb.com/rooms/1482702388518346903,Kota Bandung
Condo in Sumurbandung - Greywood | On Braga Street | City Center | 3 Guest,"Rp 2,225,295",4.97,73,https://www.airbnb.com/rooms/1082543828849537611,Kota Bandung
Apartment in Cicendo - New | 2 BR Modern Suites | Gateway Pasteur,"Rp 2,754,587",4.9,21,https://www.airbnb.com/rooms/1507091176210722610,Kota Bandung
Room in Bandung Wetan - The Gempol Room - Aesthetic and Strategic,"Rp 1,412,207",4.92,25,https://www.airbnb.com/rooms/1528301489410430491,Kota Bandung
Home in Cidadap - Lembah Dago Home @ HEART of CITY,"Rp 5,177,132",5.0,37,https://www.airbnb.com/rooms/1424213027174966282,Kota Bandung
Home in Parompong - Modern house with a Blue Hot Onsen,"Rp 5,363,532",4.87,175,https://www.airbnb.com/rooms/1000397110591502108,Kota Bandung
Room in Cidadap - Japandi Stay Bandung • Bathtub & Cozy Retreat,"Rp 3,420,000",4.96,26,https://www.airbnb.com/rooms/1577476268483108777,Kota Bandung
Apartment in Kecamatan Cicendo - Takao by Kitanari • Japandi Retreat near Pasteur,"Rp 3,529,601",4.97,174,https://www.airbnb.com/rooms/1137961605836717698,Kota Bandung
Apartment in Cicendo - The Pharaoh | Bandung | Pasteur | Lembang | Pool,"Rp 2,778,766",5.0,11,https://www.airbnb.com/rooms/1601970570332696640,Kota Bandung
Guesthouse in Kecamatan Cidadap - Private Room Bandung • 7 Bunk Beds & Designer,"Rp 1,519,994",4.94,71,https://www.airbnb.com/rooms/1160630751628825468,Kota Bandung
Home in Lembang - Villa Alinda C05 by Kava Stay,"Rp 6,650,000",4.82,108,https://www.airbnb.com/rooms/1202109871665800050,Kota Bandung
Home in Cimenyan - Villa Casamara – 3 Bedrooms Private Pool & Karaoke,"Rp 12,756,417",5.0,17,https://www.airbnb.com/rooms/1596807142210535527,Kota Bandung
Home in Arcamanik - Liana by Izzy House,"Rp 5,477,650",4.89,57,https://www.airbnb.com/rooms/1508624860623519000,Kota Bandung
Home in Parompong - Villa Terra | 10+ people | Pool | BBQ | Bandung,"Rp 10,099,416",4.82,28,https://www.airbnb.com/rooms/1614883858893736855,Kota Bandung
Home in Kecamatan Bandung Wetan - WEleven Bandung - 3BR House at Premium Location,"Rp 6,961,180",4.97,210,https://www.airbnb.com/rooms/693713969373643926,Kota Bandung
Room in Bandung Wetan - The Gempol Room - Aesthetic and Strategic 2,"Rp 1,412,207",4.81,31,https://www.airbnb.com/rooms/1528310025143378156,Kota Bandung
Home in Cidadap - Goodbed Villa cipaku setiabudi Bandung,"Rp 6,529,620",4.88,324,https://www.airbnb.com/rooms/23811035,Kota Bandung
Home in Kecamatan Sukajadi - Ngariung Villa W/ Pool & Billiard,"Rp 12,445,000",4.91,33,https://www.airbnb.com/rooms/1591975230530686378,Kota Bandung
Home in Mandalajati - 3BR Emtiga Villa with Balcony | Best Deal in Bandung,"Rp 3,095,000",5.0,28,https://www.airbnb.com/rooms/1667380997602844782,Kota Bandung
"Home in Parompong - Villa 360 W/ Pool, Billiard & PS5","Rp 10,687,500",4.86,63,https://www.airbnb.com/rooms/1505728214765389618,Kota Bandung
Home in Parompong - Villa Verbena W/ Pool & Spacious Garden,"Rp 7,885,000",4.85,33,https://www.airbnb.com/rooms/1578045868291073177,Kota Bandung
Boutique hotel in Kecamatan Sukajadi - Kinimimpi - Aether Suite - steps to padel court,"Rp 2,034,719",4.86,74,https://www.airbnb.com/rooms/1253951318267481988,Kota Bandung
Home in Kecamatan Bandung Wetan - Cozy Living at Bandung City Center,"Rp 8,846,333",4.92,205,https://www.airbnb.com/rooms/52395407,Kota Bandung
Villa in Cimenyan - Tropical Dago - Monstera 1BR with kitchen and pool,"Rp 8,500,000",4.96,25,https://www.airbnb.com/rooms/1507139861481797098,Kota Bandung
Apartment in Kecamatan Cidadap - 2BR Deluxe Apartemen Parahyangan Residence,"Rp 2,660,890",4.86,74,https://www.airbnb.com/rooms/1300988346341822152,Kota Bandung
Room in Coblong - Cozy & Serene Dago | City View | Calm & Relaxing,"Rp 2,421,578",4.88,8,https://www.airbnb.com/rooms/1449256990257385889,Kota Bandung
Villa in Kecamatan Andir - Villa house with a Balinese feel in the center of Bandung,"Rp 4,886,222",4.84,150,https://www.airbnb.com/rooms/894095611557097444,Kota Bandung
Home in Sukasari - Villa Hobbit | Bandung | PVJ Mall | Pasteur Toll,"Rp 5,791,473",4.6,10,https://www.airbnb.com/rooms/1619307373679679482,Kota Bandung
Apartment in Sumurbandung - Braga Citywalk Apartment Lux Bandung 3BR,"Rp 5,800,000",5.0,4,https://www.airbnb.com/rooms/1719866042561803305,Kota Bandung
Home in Cibeunying Kaler - House in the Center of Bandung/10 Minutes to Gedung Sate,"Rp 4,849,000",4.89,27,https://www.airbnb.com/rooms/861879140642302067,Kota Bandung
Home in Parompong - Alandra castle lembang.15 min-dusun bambu.max16org,"Rp 10,000,000",5.0,4,https://www.airbnb.com/rooms/1689856953645448608,Kota Bandung
Guest suite in Kecamatan Sukajadi - Beautiful Living Balcony Pasteur,"Rp 6,717,208",5.0,71,https://www.airbnb.com/rooms/1043987158227854100,Kota Bandung
Tiny home in Lembang - Skyline Tree House,"Rp 3,601,800",5.0,7,https://www.airbnb.com/rooms/1589031442977806634,Kota Bandung
Rooms in Kecamatan Sukajadi - Golden Reindeer 2 Bedrooms,"Rp 3,900,000",4.93,29,https://www.airbnb.com/rooms/1379477010515360990,Kota Bandung
Room in Kiaracondong - Comfortable and spacious Guest Room at RumahAmbu Bandung,"Rp 1,543,820",4.98,47,https://www.airbnb.com/rooms/1449640997363130493,Kota Bandung
Tiny home in Lembang - Rumah Terrace Bata by wiandra,"Rp 5,411,221",4.9,562,https://www.airbnb.com/rooms/19105684,Kota Bandung
Home in Parompong - Casa Montierre with Pool & PlayStation,"Rp 9,975,000",4.86,22,https://www.airbnb.com/rooms/1685485233412173642,Kota Bandung
"Home in Lembang - A quiet and comfortable sharia villa, Tandra House","Rp 3,910,000",4.96,25,https://www.airbnb.com/rooms/1510689965619618008,Kota Bandung
Home in Kecamatan Bandung Wetan - Tamanari Poolhouse,"Rp 12,552,947",4.97,66,https://www.airbnb.com/rooms/1277816953594980676,Kota Bandung
Home in Cibeunying Kaler - Rooma Anga' (Home | 3BR | AC in every room),"Rp 4,171,596",4.86,167,https://www.airbnb.com/rooms/32950285,Kota Bandung
Apartment in Cidadap - Art Deco Luxury Residence,"Rp 7,963,640",4.86,132,https://www.airbnb.com/rooms/26345185,Kota Bandung
"Home in Lembang - Namuya Big Home Private Pool, Rooftop, BBQ&Karaoke","Rp 9,772,665",4.87,78,https://www.airbnb.com/rooms/1308439890867500504,Kota Bandung
Home in Mandalajati - Urban Nest Cicaheum,"Rp 3,356,800",5.0,19,https://www.airbnb.com/rooms/1645673176903055825,Kota Bandung
Room in Kecamatan Sukajadi - Hanif Room Syariah Hotel,"Rp 1,000,000",5.0,4,https://www.airbnb.com/rooms/1717695851050367482,Kota Bandung
Home in Cibeunying Kaler - Arumdaun II Villa Syariah with Private Pool,"Rp 11,126,476",5.0,11,https://www.airbnb.com/rooms/1652776070879808378,Kota Bandung
Home in Cimenyan - Numa castle. City view & garden,"Rp 3,908,481",4.86,36,https://www.airbnb.com/rooms/1482817274245079785,Kota Bandung
Home in Kecamatan Cidadap - Villa Citra by Kava Stay,"Rp 8,265,000",4.85,133,https://www.airbnb.com/rooms/1175880970019350932,Kota Bandung
Home in Parompong - 4BR Hegar Villa by Kava Stay,"Rp 6,982,500",4.92,106,https://www.airbnb.com/rooms/1440474690729229368,Kota Bandung
"Apartment in Cimenyan - Family Retreat: 5 Bedrooms, Peaceful Dago Atas","Rp 6,580,027",4.9,10,https://www.airbnb.com/rooms/1601183810809455235,Kota Bandung
Home in Kecamatan Antapani - Casa 42 Bandung - 15 Guests - Near City Center,"Rp 8,873,628",4.99,182,https://www.airbnb.com/rooms/903332426178198902,Kota Bandung
Cabin in Cilengkrang - Sawasaé Cabin,"Rp 5,477,650",5.0,12,https://www.airbnb.com/rooms/1577290696401406369,Kota Bandung
Room in Bandung Wetan - The Gempol Room - Aesthetic and Strategic (Studio),"Rp 1,835,868",4.89,28,https://www.airbnb.com/rooms/1528312507236321668,Kota Bandung
"Home in Cibeunying Kaler - Arumdaun-I, Villa Syariah with Private Pool","Rp 9,928,240",4.87,31,https://www.airbnb.com/rooms/1547421916592345580,Kota Bandung
Home in Bandung Wetan - Arunami House - Heart of Bandung near Gedung Sate,"Rp 14,245,000",New,0,https://www.airbnb.com/rooms/1741822323625221806,Kota Bandung
Guesthouse in Kecamatan Cidadap - 3BR Luxury Villa Bandung • Warm Pool & Bathtub,"Rp 10,298,995",4.8,79,https://www.airbnb.com/rooms/1089715740454680825,Kota Bandung
Condo in Kecamatan Cidadap - Top Rated Art Deco Jacuzzi Suite w/ Amazing View,"Rp 6,246,565",4.96,250,https://www.airbnb.com/rooms/52686735,Kota Bandung
Room in Kecamatan Sukajadi - Hanif Room Syariah Hotel,"Rp 1,000,000",5.0,4,https://www.airbnb.com/rooms/1717687578520661712,Kota Bandung
"Villa in Parompong - Kirei Castle,Luxury Japanese Modern Villa@Lembang","Rp 11,992,375",4.8,41,https://www.airbnb.com/rooms/1506516555963369432,Kota Bandung
Home in Cimenyan - The Palm Villa Dago by Little Bnb,"Rp 14,427,496",4.85,20,https://www.airbnb.com/rooms/1568515496331780797,Kota Bandung
Villa in Lembang - Villa in dago bandung with a beautiful valley view,"Rp 7,245,195",4.39,155,https://www.airbnb.com/rooms/38170185,Kota Bandung
"Home in Parompong - Boni Castle | Warm Pool, Projector & Family Villa","Rp 11,174,345",4.82,11,https://www.airbnb.com/rooms/1640633419647468692,Kota Bandung
"Home in Coblong - Modern Classic, White house with Garden","Rp 11,675,825",5.0,6,https://www.airbnb.com/rooms/1688331752351596444,Kota Bandung
Villa in Cimenyan - Dago Pakar Window House - Can be rented for filming,"Rp 8,575,945",4.94,157,https://www.airbnb.com/rooms/34691870,Kota Bandung
Villa in Cimenyan - Marjara Villa by Kozystay | Private Pool | Bandung,"Rp 17,965,572",4.75,28,https://www.airbnb.com/rooms/1543388940788126914,Kota Bandung
Apartment in Andir - Rosewood 03 | 3 BR Urban Hearth | Sudirman Suites,"Rp 5,672,325",4.86,37,https://www.airbnb.com/rooms/1552017394122344606,Kota Bandung
Home in Sukajadi - Cottonwood Villa Kumala | 25org | Bioskop Dingdong,"Rp 20,757,500",5.0,13,https://www.airbnb.com/rooms/1581201510710781643,Kota Bandung
Apartment in Sumurbandung - Elysia | Bandung | City View| Braga | Mall | Pool,"Rp 2,795,884",4.93,29,https://www.airbnb.com/rooms/1538939327660195749,Kota Bandung
Home in Bojongloa Kaler - A house in the center of Bandung with easy access,"Rp 2,500,000",New,0,https://www.airbnb.com/rooms/1742164832474831990,Kota Bandung
Villa in Cimenyan - Oma's House 6 Rooms • Karaoke • BBQ • Kids Playground,"Rp 14,796,355",4.95,105,https://www.airbnb.com/rooms/1236237847970339760,Kota Bandung
Home in Lengkong - Iremia House 5: Beside the Crowd,"Rp 6,129,810",4.88,41,https://www.airbnb.com/rooms/1478909401884886662,Kota Bandung
Home in Cimenyan - [Try 1st] Glamping Villa • Hair Hunt • UV Pool,"Rp 17,096,505",4.96,28,https://www.airbnb.com/rooms/1529921830474025369,Kota Bandung
"Condo in Kecamatan Coblong - Greywood | Dago, ITB | Calm & Relaxing | 4 Guests","Rp 2,500,000",4.99,414,https://www.airbnb.com/rooms/54329969,Kota Bandung
Condo in Kecamatan Sumur Bandung - Greywood | City Center | BIP Mall | 4 Guests,"Rp 2,510,589",4.97,200,https://www.airbnb.com/rooms/1078725344338698655,Kota Bandung
Home in Kecamatan Cibeunying Kaler - Casa De Arumanis by Kava Stay,"Rp 8,455,000",4.93,161,https://www.airbnb.com/rooms/1202064633303778400,Kota Bandung
Apartment in Kecamatan Coblong - Cozy Place at Dago-for Family-No Unmarried Couple,"Rp 2,710,295",5.0,117,https://www.airbnb.com/rooms/796850339617836532,Kota Bandung
Apartment in Cicendo - Ilumo | 2 BR Modé Suites | Gateway Pasteur,"Rp 2,920,523",4.92,25,https://www.airbnb.com/rooms/1507665670234174725,Kota Bandung
Rooms in Kecamatan Sumur Bandung - Modern-classic yet comfy Apartemen Braga Citywalk,"Rp 2,456,379",4.81,16,https://www.airbnb.com/rooms/1655362038693349247,Kota Bandung
Apartment in Cidadap - Junior Suite Apartment Parahyangan Residence,"Rp 2,536,837",4.98,50,https://www.airbnb.com/rooms/1414979702054329732,Kota Bandung
Home in Kecamatan Antapani - Corner House,"Rp 5,705,885",5.0,83,https://www.airbnb.com/rooms/1271456344903650443,Kota Bandung
Room in Kecamatan Sukajadi - Hanif Room Syariah Hotel,"Rp 1,000,000",5.0,4,https://www.airbnb.com/rooms/1717692534849958064,Kota Bandung
Apartment in Cicendo - Rey Castle – Cozy Apartement @ Gateway Pasteur,"Rp 1,948,312",4.97,33,https://www.airbnb.com/rooms/1533369041801947284,Kota Bandung
Rooms in Bandung - Griya Putrabangga • Free Breakfast • Wi-Fi + Smart TV,"Rp 2,892,598",5.0,14,https://www.airbnb.com/rooms/1642038785451538826,Kota Bandung
Apartment in Kecamatan Bandung Wetan - Studio Apartment | Jarrdin | 5 Minutes from Ciwalk,"Rp 1,416,730",4.83,86,https://www.airbnb.com/rooms/41410735,Kota Bandung
Condo in Kecamatan Lengkong - Lovely 2-bedroom with Minimalist Design Unit,"Rp 3,147,220",4.9,190,https://www.airbnb.com/rooms/54398116,Kota Bandung
Room in Cidadap - Studio for 4 person at Ciumbuleuit near Unpar,"Rp 2,530,000",4.94,34,https://www.airbnb.com/rooms/1556971871401472496,Kota Bandung
Apartment in Lengkong - Yaya Castle @ Grand Asia Africa,"Rp 2,038,984",4.62,45,https://www.airbnb.com/rooms/1451492815709763058,Kota Bandung
Home in Rancasari - Valerie's Home,"Rp 2,792,033",5.0,11,https://www.airbnb.com/rooms/1601847323999377226,Kota Bandung
"Apartment in Sumurbandung - #1103b, Sun rise & city view  2 bed rooms","Rp 2,977,337",4.9,84,https://www.airbnb.com/rooms/36619314,Kota Bandung
"Apartment in Sumurbandung - Sweet La Grande ( Jl. Merdeka,Depan BIP Mall)","Rp 3,680,296",4.94,81,https://www.airbnb.com/rooms/1418035976960145487,Kota Bandung
Apartment in Cidadap - 2BR Deluxe Apartment Parahyangan Residence #02,"Rp 2,999,875",4.97,35,https://www.airbnb.com/rooms/1414915749722192661,Kota Bandung
Home in Parompong - Pet Friendly House Bandung (M House),"Rp 4,285,230",5.0,33,https://www.airbnb.com/rooms/1137458346919864249,Kota Bandung
Apartment in Kecamatan Cidadap - Ciumbeleuit Scenic View W/ Pool & Playstation 5,"Rp 3,850,000",4.88,103,https://www.airbnb.com/rooms/1343395518929127266,Kota Bandung
"Apartment in Kecamatan Sumur Bandung - Namura La Grande Apartment, Bandung","Rp 3,853,024",4.95,171,https://www.airbnb.com/rooms/839618589623901496,Kota Bandung
Apartment in Kecamatan Cicendo - PROMO! 3BR NEW LANDMARK RESIDENCE APARTMENT COZY,"Rp 7,344,478",4.93,180,https://www.airbnb.com/rooms/36537968,Kota Bandung
Home in Kecamatan Sukasari - Sentra Villa by Kava Stay,"Rp 7,552,500",4.81,105,https://www.airbnb.com/rooms/1310112979545897865,Kota Bandung
Home in Lembang - Casa Lembang 2,"Rp 5,151,095",4.85,254,https://www.airbnb.com/rooms/40331876,Kota Bandung
Apartment in Cicendo - Gateway Pasteur 1 Bedroom Luxury Minimalist,"Rp 1,739,000",4.95,20,https://www.airbnb.com/rooms/1623821676275382806,Kota Bandung
Villa in Parompong - Kayuna Villa | Lembang Zoo | Netflix | 8 people,"Rp 5,220,885",4.68,44,https://www.airbnb.com/rooms/1454318117142602378,Kota Bandung
Boutique hotel in Kecamatan Sukajadi - Kinimimpi - Candra Suite - steps to padel court,"Rp 1,426,471",4.75,72,https://www.airbnb.com/rooms/1249648150107299579,Kota Bandung
Apartment in Cicendo - 2 BR Pasteur NEW | Modern Japanese Style by Yostay,"Rp 3,139,140",5.0,9,https://www.airbnb.com/rooms/1715007523312502529,Kota Bandung
Apartment in Kecamatan Cicendo - Bloom by Kitanari • Fairy-Tale Rest near Pasteur,"Rp 1,868,130",4.96,46,https://www.airbnb.com/rooms/1578099400115632387,Kota Bandung
Apartment in Bandung - 1 BR Japandi Apt in Ciumbuleuit,"Rp 2,481,115",4.97,36,https://www.airbnb.com/rooms/1111829793608902335,Kota Bandung
"Bungalow in Lembang - Beautiful Europe-Style, Belgareti House @Lembang","Rp 5,159,500",4.86,198,https://www.airbnb.com/rooms/44649951,Kota Bandung
Apartment in Kecamatan Sumur Bandung - 2 BR Elegant Apartment | 5 Minutes Walk from Braga,"Rp 4,716,468",4.92,179,https://www.airbnb.com/rooms/53248968,Kota Bandung
Apartment in Sumurbandung - [Luxurious&Cozy] Lagrande 3 Apt Bandung|3guest,"Rp 2,765,000",4.98,80,https://www.airbnb.com/rooms/1520174217410374968,Kota Bandung
Room in Bandung Wetan - The Gempol Room - Aesthetic and Strategic 9,"Rp 1,412,207",4.75,8,https://www.airbnb.com/rooms/1530362853747738321,Kota Bandung
Rooms in Lengkong - Tatami | Bandung | Asia Afrika | Braga | Pool,"Rp 7,303,533",4.81,16,https://www.airbnb.com/rooms/1586262454421955053,Kota Bandung
Apartment in Kecamatan Cidadap - Diamond Deluxe Jacuzzi Suite | Art Deco |near Dago,"Rp 5,238,002",4.92,386,https://www.airbnb.com/rooms/40056094,Kota Bandung
Apartment in Kecamatan Cicendo - New Astounding 2BR Landmark Residence | Paskal 23,"Rp 5,347,228",4.87,77,https://www.airbnb.com/rooms/1172240088774066112,Kota Bandung
Apartment in Kecamatan Andir - Airy 2 BR+ | Sudirman Suites Apartment | 18 RW 06,"Rp 2,395,379",4.89,133,https://www.airbnb.com/rooms/869142740134473852,Kota Bandung
Home in Coblong - Terrace Sunset Home · Gathering House,"Rp 7,132,356",4.92,25,https://www.airbnb.com/rooms/1382523510458431416,Kota Bandung
Apartment in Coblong - • Midsommar Home • 2BR WiFi + Smart TV,"Rp 3,173,048",4.9,478,https://www.airbnb.com/rooms/30790706,Kota Bandung
Villa in Kecamatan Cidadap - Villa Mariposa- Elderly & Pet Friendly - Karaoke,"Rp 27,984,500",4.96,69,https://www.airbnb.com/rooms/901985825295132274,Kota Bandung
"Home in Cimenyan - Belio Sativa, Dago","Rp 48,500,023",N/A,0,https://www.airbnb.com/rooms/1632461683556783853,Kota Bandung
Apartment in Kecamatan Sukajadi - youre•at Nara Tranquil Japanese 3BR/96sqm,"Rp 8,984,250",4.96,26,https://www.airbnb.com/rooms/1297934005662068398,Kota Bandung
Apartment in Kecamatan Cicendo - 2 BR Midcentury Modern Apartment | Gateway Pasteur,"Rp 3,047,919",4.91,75,https://www.airbnb.com/rooms/1202599093559884787,Kota Bandung
Apartment in Kecamatan Cicendo - Spacious Luxury Scandinavian 3BR Gateway Pasteur,"Rp 4,571,086",4.82,235,https://www.airbnb.com/rooms/34704611,Kota Bandung
Place to stay in Bandung - 806 La Grande Studio,"Rp 2,354,476",4.82,345,https://www.airbnb.com/rooms/18120079,Kota Bandung
Home in Kecamatan Cibeunying Kaler - Cozy2BRVilla@DagoPetFriendlyBbqEVCharger,"Rp 4,750,000",4.97,111,https://www.airbnb.com/rooms/787421308001215401,Kota Bandung
"Condo in Lengkong - Teebra Bandung | A Calm, Aesthetic Tiny Apartment","Rp 4,660,000",4.95,75,https://www.airbnb.com/rooms/1486120447516202043,Kota Bandung
Guesthouse in Margahayu - Roomah Ijo - Your Private Home in Bandung,"Rp 3,643,360",4.94,17,https://www.airbnb.com/rooms/1650555537141692712,Kota Bandung
Apartment in Cicendo - Fjord | 2 BR Lagom Suites | Gateway Pasteur,"Rp 2,844,708",4.91,33,https://www.airbnb.com/rooms/1412148644227544885,Kota Bandung
Guest suite in Bandung - Bumi Sajoly - A Home Away From Home,"Rp 9,694,299",4.91,221,https://www.airbnb.com/rooms/12279548,Kota Bandung
Home in Pasteur - Bumiresik I Guesthouse 2 BR in North Bandung,"Rp 3,708,825",4.83,41,https://www.airbnb.com/rooms/15705630,Kota Bandung
Home in Kecamatan Coblong - SkyCastle (Pavilion at Heritage House @ Dipatiukur,"Rp 1,758,412",4.89,131,https://www.airbnb.com/rooms/1132268352084302065,Kota Bandung
Home in Kecamatan Cidadap - House of Merino at Ciumbuluit,"Rp 5,098,471",4.84,69,https://www.airbnb.com/rooms/1054737590412253710,Kota Bandung
Home in Lengkong - Arsyilla Villa Bubat,"Rp 6,276,474",4.85,54,https://www.airbnb.com/rooms/1491698183235714940,Kota Bandung
Home in Sumurbandung - 4BR Villa at Braga Street,"Rp 14,264,713",4.78,18,https://www.airbnb.com/rooms/1406110026382084191,Kota Bandung
Apartment in Kecamatan Sumur Bandung - The Royale Apartment Bandung,"Rp 2,828,178",4.9,164,https://www.airbnb.com/rooms/43559879,Kota Bandung
Apartment in Sukajadi - Melbourne Apartment Swimming Pool and Netflix,"Rp 2,810,067",5.0,6,https://www.airbnb.com/rooms/1703475583554621293,Kota Bandung
"Apartment in Cidadap - K&K RESIDENCE.... COZY, HOMEY, STRATEGIC","Rp 1,966,208",4.91,387,https://www.airbnb.com/rooms/29491633,Kota Bandung
Apartment in Sumurbandung - Jabez Room La Grande Apartment Jl. Merdeka Studio,"Rp 2,695,804",5.0,7,https://www.airbnb.com/rooms/1453571794403590412,Kota Bandung
Apartment in Kecamatan Cicendo - Luxury Apartement Landmark Residence Bandung 2BR,"Rp 5,263,433",4.78,151,https://www.airbnb.com/rooms/562869284671689133,Kota Bandung
"Home in Cibeunying Kidul - Highview Hills, True Bandung Raya View (+ Netflix)","Rp 3,250,000",5.0,11,https://www.airbnb.com/rooms/1705553695361449590,Kota Bandung
Apartment in Kecamatan Sukajadi - 2BR Majesty Apartment in Bandung,"Rp 2,415,065",4.96,73,https://www.airbnb.com/rooms/939717378718829513,Kota Bandung
Home in Coblong - Upper castle. 3BR full AC Dago. Quiet hours 9PM,"Rp 4,401,787",4.9,42,https://www.airbnb.com/rooms/1453189027267825458,Kota Bandung
Home in Bandung Wetan - Guesthouse Omahe Bandung,"Rp 8,497,450",4.88,297,https://www.airbnb.com/rooms/14127328,Kota Bandung
Rooms in Lengkong - Luxury Private Rooms in the heart of Bandung,"Rp 6,274,692",New,0,https://www.airbnb.com/rooms/1717224702795189302,Kota Bandung
Home in Kecamatan Cibeunying Kaler - Ilalang Tiny House,"Rp 2,900,000",4.96,73,https://www.airbnb.com/rooms/1358340431000575865,Kota Bandung
"Home in Bandung Wetan - Moozee House, Modern Home @ The Centre of Bandung","Rp 6,676,463",4.64,241,https://www.airbnb.com/rooms/14227013,Kota Bandung
Apartment in Cicendo - Hanami | 2 BR Japandi Retreat | Pasteur Gateway,"Rp 2,533,620",4.88,41,https://www.airbnb.com/rooms/1496119290075133195,Kota Bandung
Apartment in Kecamatan Coblong - SulfitLiving - 2BR Apartment Jarrdin in Cihampelas,"Rp 2,375,000",4.88,33,https://www.airbnb.com/rooms/1323534724318718711,Kota Bandung
Guest suite in Kecamatan Sukajadi - Ciput’s Den | Central 2BR near PVJ & Ciwalk | WiFi,"Rp 2,660,000",4.97,140,https://www.airbnb.com/rooms/1153624723197943158,Kota Bandung
Home in Parompong - Casa d capella is a homey and minimalist house,"Rp 5,546,015",4.8,15,https://www.airbnb.com/rooms/1610717472632938307,Kota Bandung
"Villa in Jawa Barat - Staycation Villa 4-9 Pax | Karaoke, Netflix, BBQ!","Rp 10,410,000",4.94,136,https://www.airbnb.com/rooms/53539419,Kota Bandung
Home in Parompong - FrenchVille | Pool | Billiard | Bbq | Lembang,"Rp 10,408,828",New,0,https://www.airbnb.com/rooms/1734900337467632525,Kota Bandung
"Home in Bandung Wetan - CasadeDjori
House in downtown Bandung
2 - 10 people","Rp 8,387,651",4.94,16,https://www.airbnb.com/rooms/1469427891454729683,Kota Bandung
Home in Kecamatan Coblong - Hillside Bliss Villa,"Rp 6,745,000",4.89,219,https://www.airbnb.com/rooms/899081426724362391,Kota Bandung
Home in Coblong - Mezzanine Home · Sunset View · Private Garden,"Rp 4,491,673",4.95,19,https://www.airbnb.com/rooms/1576830058359312509,Kota Bandung
"Home in Kecamatan Buahbatu - Spacious, White-Villa Belgareti @ Kiaracondong","Rp 4,950,000",4.9,87,https://www.airbnb.com/rooms/653167853873350312,Kota Bandung
Apartment in Cicendo - Hygge Stay. Spacious Apartment 2BR in Paskal,"Rp 5,198,780",4.96,25,https://www.airbnb.com/rooms/1527532770951335123,Kota Bandung
Apartment in Kecamatan Cicendo - New Epic 3BR Landmark Residence | Paskal 23,"Rp 7,657,298",4.85,60,https://www.airbnb.com/rooms/1160519168428495342,Kota Bandung
"Villa in Lembang - BugenVilla Bandung, 4BR, Heated Swimming Pool","Rp 52,306,765",4.95,19,https://www.airbnb.com/rooms/1279202196742308340,Kota Bandung
Villa in Parompong - Gemala House - Modern Scandinavian Stay,"Rp 13,427,200",4.89,231,https://www.airbnb.com/rooms/29366590,Kota Bandung
Villa in Kecamatan Cibeunying Kaler - 4BR Villa@Dago KaraokeBBQ FastWifiwiimLegoEVCharge,"Rp 9,475,548",4.95,121,https://www.airbnb.com/rooms/653840597717899412,Kota Bandung
Apartment in Kecamatan Lengkong - Akasha @ Grand Asia Afrika Apartment Bandung,"Rp 3,383,590",4.89,295,https://www.airbnb.com/rooms/51113592,Kota Bandung
Guesthouse in Kecamatan Cicendo - ELHome Wood I 3BR I Wi-Fi I Netflix,"Rp 8,102,357",4.94,51,https://www.airbnb.com/rooms/1188763365806938305,Kota Bandung
"Home in Sukasari - OMA+Ra House
Feels Like Home, only better","Rp 14,159,856",5.0,18,https://www.airbnb.com/rooms/1449212040517486924,Kota Bandung
Room in Bandung - Promotional Pricing!! Perfect location,"Rp 1,035,000",4.64,157,https://www.airbnb.com/rooms/16941765,Kota Bandung
Apartment in Cicendo - River | 2 BR Urban Grove | Gateway Pasteur,"Rp 2,878,041",5.0,6,https://www.airbnb.com/rooms/1685453674941154120,Kota Bandung
Apartment in Coblong - Comfy room with mountain view in the heart of Dago,"Rp 2,206,730",4.87,165,https://www.airbnb.com/rooms/29672427,Kota Bandung
Apartment in Sumurbandung - Sarah Room La Grande Apartment 2BR,"Rp 3,537,649",4.92,13,https://www.airbnb.com/rooms/1625462742021766009,Kota Bandung
Apartment in Cicendo - Dario | 2 BR Urban Grove | Gateway Pasteur,"Rp 2,842,859",N/A,0,https://www.airbnb.com/rooms/1685444517070863737,Kota Bandung
Home in Sukasari - Villa 17,"Rp 5,779,535",5.0,9,https://www.airbnb.com/rooms/1452041494797147891,Kota Bandung
"Apartment in Sumur Bandung - #1201A, Tangguban Parahu mountain & sun rise view,","Rp 2,977,337",4.86,102,https://www.airbnb.com/rooms/28004386,Kota Bandung
Home in Parompong - Mizu Machiya•Luxury Kyoto Retreat•Onsen•Luxury,"Rp 27,753,425",4.93,15,https://www.airbnb.com/rooms/1533624250332398765,Kota Bandung
Place to stay in Kecamatan Sumur Bandung - Ruth | La Grande Apartment | 2BR | Bandung | Braga,"Rp 3,502,272",4.83,70,https://www.airbnb.com/rooms/1326531763586888845,Kota Bandung
Home in Sukajadi - 4BR Villa w/ Cold Whirlpool & Zen Garden,"Rp 15,696,450",4.92,12,https://www.airbnb.com/rooms/1582460821613432508,Kota Bandung
Apartment in Kecamatan Cicendo - Pandawa by Kozystay | 3BR | Heated Pool | Paskal,"Rp 6,709,176",4.74,42,https://www.airbnb.com/rooms/1222411641241849427,Kota Bandung
"Condo in Kecamatan Coblong - 2BR 2 Kamar Dago Butik Apartment | Dago, Bandung","Rp 3,823,834",4.87,62,https://www.airbnb.com/rooms/684609221200853709,Kota Bandung
"Villa in Lembang - Canola villa
360 Mountain view","Rp 15,405,885",4.98,49,https://www.airbnb.com/rooms/1114219267424743510,Kota Bandung
Apartment in Cicendo - Willow | 2 BR Urban Grove | Gateway Pasteur,"Rp 2,842,859",N/A,0,https://www.airbnb.com/rooms/1688364136847056455,Kota Bandung
Villa in Lembang - Villa Daksina Dalu,"Rp 12,451,002",4.62,201,https://www.airbnb.com/rooms/43539803,Kota Bandung
Home in Kecamatan Sumur Bandung - Gandapura House 36,"Rp 7,513,536",4.93,85,https://www.airbnb.com/rooms/1309169468993764359,Kota Bandung
Home in Cimenyan - Glass House Bandung,"Rp 7,385,494",4.94,63,https://www.airbnb.com/rooms/975978751770996053,Kota Bandung
Apartment in Kecamatan Andir - Muji Style Japandi Room up to 4 people,"Rp 2,316,589",4.96,105,https://www.airbnb.com/rooms/1006050664763449237,Kota Bandung
Condo in Kecamatan Sumur Bandung - Greywood | City Center | Braga & Mall | 4 Guests,"Rp 2,767,638",4.98,326,https://www.airbnb.com/rooms/727680275776765494,Kota Bandung
"Apartment in Kecamatan Bandung Wetan - Jardin A22, City View, Netflix & WIFI, Family","Rp 1,515,800",4.78,86,https://www.airbnb.com/rooms/1033274926963996322,Kota Bandung
Apartment in Kecamatan Sumur Bandung - [Luxurious&Comfort] La Grande 1 Apt Bdg | 3 guests,"Rp 2,635,000",4.95,202,https://www.airbnb.com/rooms/1119439714942819086,Kota Bandung
Apartment in Kecamatan Sumur Bandung - Galene | Bandung | City View | RSIA Limijati | Pool,"Rp 2,590,472",4.81,54,https://www.airbnb.com/rooms/1375133730465779957,Kota Bandung
Apartment in Kecamatan Coblong - NooNi - Premium Studio Apartment at Dago Suites,"Rp 2,567,648",4.97,118,https://www.airbnb.com/rooms/1046148762303352665,Kota Bandung
"Apartment in Kecamatan Bandung Wetan - Jardin D20, Forest & City View, Netflix & WIFI","Rp 1,455,000",4.81,139,https://www.airbnb.com/rooms/1025746241212264046,Kota Bandung
Tiny home in Cibeunying Kaler - Comfortable Pavilion Downtown | 5 Guests| No Parking,"Rp 3,500,000",5.0,33,https://www.airbnb.com/rooms/1605885034928700807,Kota Bandung
Tiny home in Cimenyan - Tiny House by DendyDarman | Near Resort Dago Pakar,"Rp 6,056,758",5.0,9,https://www.airbnb.com/rooms/1642364090839026777,Kota Bandung
Apartment in Bandung - Comfy Room Jl. Merdeka Bed 200x200,"Rp 2,425,001",4.82,56,https://www.airbnb.com/rooms/1198356599756300433,Kota Bandung
Room in Sumurbandung - Kalasantay | Bliss Studio | 5 min stroll to Braga,"Rp 2,456,954",4.83,35,https://www.airbnb.com/rooms/1554731020342593324,Kota Bandung
Apartment in Kecamatan Cicendo - New Glorious 2BR Landmark Residence | Paskal 23,"Rp 5,808,591",4.96,69,https://www.airbnb.com/rooms/1087661271953815996,Kota Bandung
Villa in Cidadap - Shafia Villa by Kozystay | Tranquil Retreat | Dago,"Rp 11,588,304",N/A,0,https://www.airbnb.com/rooms/1667852146116289644,Kota Bandung
Home in Parompong - Mori Machiya•Luxury Kyoto Retreat•Onsen•Luxury,"Rp 22,138,834",4.93,42,https://www.airbnb.com/rooms/1112593679300937573,Kota Bandung
Apartment in Lengkong - Grand Asia Afrika Dermawan's Apartment,"Rp 3,502,750",4.88,16,https://www.airbnb.com/rooms/1671392108862942345,Kota Bandung
Villa in Cimenyan - Dago bestview villa,"Rp 11,820,596",4.86,116,https://www.airbnb.com/rooms/31048098,Kota Bandung
"Apartment in Kecamatan Sumur Bandung - Braga City Walk Apartment
Mountain-Citylight View","Rp 3,851,472",4.8,95,https://www.airbnb.com/rooms/1262045787936393988,Kota Bandung
Condo in Lengkong - Elysian Moon | 26F Corner | Skyline Views,"Rp 7,306,203",4.92,13,https://www.airbnb.com/rooms/1245953317033502215,Kota Bandung
"Apartment in Sumur Bandung - #1101b, Tangguban boat mtn View Tera Residence","Rp 1,838,945",4.85,205,https://www.airbnb.com/rooms/30236277,Kota Bandung
Villa in Bandung - Green Hill Mountain View 8 Br Heated Pool Karaoke,"Rp 59,150,000",4.91,11,https://www.airbnb.com/rooms/741635757238460921,Kota Bandung
Home in Lembang - Santorini Home by Kananta,"Rp 6,421,703",4.94,85,https://www.airbnb.com/rooms/1157650390590262556,Kota Bandung
Home in Cimenyan - Belio Solara,"Rp 70,752,974",5.0,6,https://www.airbnb.com/rooms/1403822289833159376,Kota Bandung
Apartment in Cicendo - Forma | 2 BR Mod Suites | Gateway Pasteur,"Rp 2,920,523",5.0,20,https://www.airbnb.com/rooms/1506352584282175084,Kota Bandung
Villa in Bandung - VILLA Pavilion Garden with PRIVATE SWIMMING POOL,"Rp 16,641,784",4.91,149,https://www.airbnb.com/rooms/42766812,Kota Bandung
Apartment in Cidadap - Cozy 3BR Apartment in Setiabudi Bandung,"Rp 5,591,767",5.0,10,https://www.airbnb.com/rooms/1434303016923022971,Kota Bandung
"Home in Megamendung - A family friendly villa Vimala Hills, Gadog,Puncak","Rp 8,755,743",4.89,121,https://www.airbnb.com/rooms/1302131862664335002,Kota Cimahi
Home in Bogor Selatan - 3BR Bogor Village W/ Pool & Playstation 4,"Rp 5,937,500",4.88,50,https://www.airbnb.com/rooms/1618647142228724600,Kota Cimahi
Home in Megamendung - Villa Everest 4BR highest in Vimala Hills,"Rp 14,173,418",4.95,42,https://www.airbnb.com/rooms/1399628677158264503,Kota Cimahi
Villa in Ciawi - Kaia Terra Villa,"Rp 8,756,870",4.88,25,https://www.airbnb.com/rooms/1446617669455208322,Kota Cimahi
Rooms in Caringin - Villa Alia E By The Villas 100,"Rp 13,123,536",5.0,7,https://www.airbnb.com/rooms/1429373788359337097,Kota Cimahi
Villa in Megamendung - Vimala Hills Argopuro – Villa Amara 15,"Rp 7,000,000",4.77,52,https://www.airbnb.com/rooms/1225127739235305895,Kota Cimahi
Home in Megamendung - Villa Anggrek@The Little Green Village | 4BR,"Rp 5,456,258",5.0,26,https://www.airbnb.com/rooms/1699621584437572046,Kota Cimahi
Cabin in Cigombong - Azzahra Syariah Villa,"Rp 3,162,500",4.94,109,https://www.airbnb.com/rooms/1216275244962250940,Kota Cimahi
Villa in Ciawi - The Lavana at Vimala Hills - 2BR with Private Pool,"Rp 12,150,802",5.0,8,https://www.airbnb.com/rooms/1668563109858013353,Kota Cimahi
Villa in Cisarua - Luxury 3BR Villa @ Casa de Monique,"Rp 20,076,470",4.93,43,https://www.airbnb.com/rooms/1187287417376893880,Kota Cimahi
Villa in Cisarua - Roemah Radja Ratoe. Long/short term. Summer's here,"Rp 14,798,273",4.93,241,https://www.airbnb.com/rooms/18062503,Kota Cimahi
Villa in Kecamatan Babakan Madang - Di Alaya 2BR Open Plan Designer Villa @ Sentul KM0,"Rp 8,500,000",4.85,149,https://www.airbnb.com/rooms/594419999586279144,Kota Cimahi
Room in Caringin - Villa Alia B03 By The Villas 100,"Rp 7,417,651",5.0,8,https://www.airbnb.com/rooms/1429339280266306814,Kota Cimahi
Villa in Megamendung - Cozy House at Vimalla Hills,"Rp 7,355,769",5.0,45,https://www.airbnb.com/rooms/1257092956243329808,Kota Cimahi
Villa in Megamendung - Villa Jasmin@The Little Green Village | 2BR2Attic,"Rp 6,614,995",5.0,14,https://www.airbnb.com/rooms/1692617222588353698,Kota Cimahi
Home in Megamendung - Country-style 3BR Villa with Mountain Views,"Rp 11,000,000",New,0,https://www.airbnb.com/rooms/1740313193219252578,Kota Cimahi
"Villa in Megamendung - Luxurious 2BR Villa in Vimala hills, puncak","Rp 7,931,180",4.89,155,https://www.airbnb.com/rooms/769977660019674402,Kota Cimahi
Apartment in Bogor Selatan - Royal Heights Cozy 2BRApartment with Mountain View,"Rp 3,157,240",4.96,26,https://www.airbnb.com/rooms/1187482090698693204,Kota Cimahi
Home in Ciawi - Pangrango 2BR Garden VIlla at Vimala Hills,"Rp 7,442,756",5.0,23,https://www.airbnb.com/rooms/1215173772854653553,Kota Cimahi
Home in Megamendung - BrandNew Villa 4BR Vimala Hills By Villaire,"Rp 13,677,006",4.93,41,https://www.airbnb.com/rooms/1316318046535514672,Kota Cimahi
Villa in Megamendung - Premier 2BR Villa w/ Mountain View at Vimala Hills,"Rp 8,781,910",4.89,84,https://www.airbnb.com/rooms/743819838229321721,Kota Cimahi
Villa in Ciawi - Villa Cemara - Vimala Hills,"Rp 14,828,297",4.92,38,https://www.airbnb.com/rooms/1333814202790599092,Kota Cimahi
Villa in Babakan Madang - Bali Pool Villa with a Beautiful mountain view.,"Rp 11,640,005",4.97,74,https://www.airbnb.com/rooms/1454154658372635585,Kota Cimahi
"Villa in Megamendung - Vimala hills 5BR+4SB Privat Hot Pool,Billiard,Golf","Rp 48,500,023",5.0,29,https://www.airbnb.com/rooms/1307840655054434721,Kota Cimahi
Villa in Megamendung - “ THE PEAK”   The Most Luxurious Designer Villa,"Rp 14,835,301",4.84,203,https://www.airbnb.com/rooms/48872031,Kota Cimahi
Villa in Megamendung - Vimala Hills Brand New Villa 3BR,"Rp 6,314,948",4.86,28,https://www.airbnb.com/rooms/964381528628365871,Kota Cimahi
Home in Bogor Selatan - 3BR Bogor Village W/ Pool C25,"Rp 6,175,000",4.97,36,https://www.airbnb.com/rooms/1640438644704898121,Kota Cimahi
Villa in Megamendung - Villa Sansan Vimala Hills 3 BR w/ Alfresco Dining,"Rp 9,466,200",4.8,86,https://www.airbnb.com/rooms/49168490,Kota Cimahi
Villa in Megamendung - Cozy 3-BR villa Vimala hills with beautiful garden,"Rp 8,756,870",4.88,94,https://www.airbnb.com/rooms/586665888150389781,Kota Cimahi
Earthen home in Megamendung - Villa Sanur megamendung bogor,"Rp 11,198,744",5.0,36,https://www.airbnb.com/rooms/796800087252043614,Kota Cimahi
Guesthouse in Megamendung - Villa Pasir Angin 47,"Rp 14,264,713",4.81,54,https://www.airbnb.com/rooms/1118067531769221616,Kota Cimahi
Home in Cisarua - Nien's Villa cisarua,"Rp 11,297,652",4.82,11,https://www.airbnb.com/rooms/1592643870506448736,Kota Cimahi
Home in Cisarua - Villa Wonoto 2,"Rp 10,975,277",4.92,26,https://www.airbnb.com/rooms/1363572470124467200,Kota Cimahi
"Home in Bogor Selatan - Palma Pool Villa, 4 BR, in Kota Bogor","Rp 7,303,533",4.5,6,https://www.airbnb.com/rooms/1674745983050315860,Kota Cimahi
Villa in Megamendung - Villa Navi - When a butterfly sits on a flower,"Rp 10,955,299",4.67,51,https://www.airbnb.com/rooms/54250637,Kota Cimahi
Home in Bogor Selatan - Villa Sayana By Kava Stay,"Rp 9,737,500",4.87,61,https://www.airbnb.com/rooms/1548184619781047791,Kota Cimahi
Room in Caringin - Villa Alia A03 By The Villas 100,"Rp 7,303,533",4.71,14,https://www.airbnb.com/rooms/1427884600276648969,Kota Cimahi
Villa in Megamendung - Spacious Garden! Villa Estella 4BR w/ Fish Pond,"Rp 11,894,400",5.0,22,https://www.airbnb.com/rooms/1430456670381575413,Kota Cimahi
Home in Megamendung - Garden Villa 3BR Vimala Hills,"Rp 8,756,870",4.79,48,https://www.airbnb.com/rooms/1159687698444516294,Kota Cimahi
Home in Babakan Madang - d’ALMAJI house (Guest House),"Rp 4,962,225",4.93,46,https://www.airbnb.com/rooms/1362884688366351209,Kota Cimahi
Home in Megamendung - Villa vilado,"Rp 28,244,131",5.0,10,https://www.airbnb.com/rooms/1266511570603340354,Kota Cimahi
Home in Megamendung - Villa Aster@The Little Green Village | 2BR2Attic,"Rp 6,614,995",5.0,14,https://www.airbnb.com/rooms/1699971013649004396,Kota Cimahi
Home in Bogor Selatan - Timber Sanctuary @ Rancamaya,"Rp 9,243,534",4.86,7,https://www.airbnb.com/rooms/1631169450792214349,Kota Cimahi
Cabin in Megamendung - Cabin Kita,"Rp 10,916,898",4.96,25,https://www.airbnb.com/rooms/1464419027341866465,Kota Cimahi
Villa in Megamendung - Luxurious Modern Villa at Vimala Hills,"Rp 6,778,591",4.91,97,https://www.airbnb.com/rooms/38962181,Kota Cimahi
Villa in Kabupaten Bogor - Villa KUDA! at Barn Colony,"Rp 7,531,768",4.92,36,https://www.airbnb.com/rooms/745281156557501461,Kota Cimahi
Farm stay in Kecamatan Dramaga - Villa EcoForest (5EyesFarm),"Rp 5,400,000",5.0,34,https://www.airbnb.com/rooms/1272210094151186329,Kota Cimahi
"Villa in Cisarua - Eyrie Villa 
Altitude Habitation","Rp 17,373,312",4.98,43,https://www.airbnb.com/rooms/1338702120309134617,Kota Cimahi
Home in Megamendung - Cozy Villa for Family,"Rp 14,264,713",4.96,55,https://www.airbnb.com/rooms/1123882142890919358,Kota Cimahi
Home in Megamendung - Classic Puncak Mountain Villa | Megamendung,"Rp 10,360,000",5.0,15,https://www.airbnb.com/rooms/1571445897287000653,Kota Cimahi
Villa in Megamendung - Villa in vimala hills,"Rp 6,421,705",4.81,161,https://www.airbnb.com/rooms/19667585,Kota Cimahi
Villa in Megamendung - Vimala Hills Yuimonori Ryokan 7BR (14 Bed) + Pool,"Rp 38,115,312",4.88,16,https://www.airbnb.com/rooms/1505823155751119369,Kota Cimahi
"Home in Cisarua - Brand New Villa, strategic location","Rp 13,694,124",4.78,27,https://www.airbnb.com/rooms/892284826429532530,Kota Cimahi
Home in Cisarua - Villa Yia Yia 5 Bedrooms w/ view,"Rp 12,550,000",4.85,26,https://www.airbnb.com/rooms/1444554159787215895,Kota Cimahi
Villa in Babakan Madang - Istana Savage - stunning private secluded retreat,"Rp 21,240,000",4.89,822,https://www.airbnb.com/rooms/10983311,Kota Cimahi
Villa in Barat - Villa Fortuna168 - Cendana,"Rp 41,082,372",N/A,0,https://www.airbnb.com/rooms/1581725306731214283,Kota Cimahi
Home in Kabupaten Cianjur - The Cartoon House W/ Playstation 5,"Rp 3,200,000",4.89,9,https://www.airbnb.com/rooms/1719375659297390673,Kota Cimahi
Home in Kabupaten Bogor - This villa is near taman safari,"Rp 8,200,000",New,0,https://www.airbnb.com/rooms/1742484642673858198,Kota Cimahi
Home in Megamendung - Villa Ananta Zen 3 BR with Modern Style,"Rp 12,345,250",New,0,https://www.airbnb.com/rooms/1733902063201613084,Kota Cimahi
"Home in Cisarua - Waynes Villa Cisarua w/ Mountain Views, EV Charger","Rp 13,237,653",4.94,69,https://www.airbnb.com/rooms/1219197154341702146,Kota Cimahi
Villa in Cisarua - Villa Cempaka Fountain the River,"Rp 23,964,717",4.87,210,https://www.airbnb.com/rooms/4166338,Kota Cimahi
"Home in Kecamatan Babakan Madang - Villa Etty Sentul City
Luxury Villa Infinity Pool","Rp 17,700,000",4.98,134,https://www.airbnb.com/rooms/1214260808105807152,Kota Cimahi
Farm stay in Cisarua - Arga Turangga Bungalow,"Rp 5,530,000",4.89,142,https://www.airbnb.com/rooms/20564472,Kota Cimahi
Home in Bogor Utara - Villa Seroja W/ Pool,"Rp 8,170,000",4.94,65,https://www.airbnb.com/rooms/1473024564252598771,Kota Cimahi
Guesthouse in Ciomas - Villa La Lady Bogor,"Rp 13,289,006",4.83,18,https://www.airbnb.com/rooms/1558487857128493231,Kota Cimahi
Home in Cisarua - Saka by Jenggala,"Rp 16,404,535",4.86,28,https://www.airbnb.com/rooms/1260381265296033861,Kota Cimahi
Villa in West Java - Villa Moo - Mood On & On,"Rp 10,270,593",4.37,27,https://www.airbnb.com/rooms/53403813,Kota Cimahi
Home in Megamendung - Cozy Villa at vimala hills,"Rp 4,098,020",4.67,3,https://www.airbnb.com/rooms/1649805373885525573,Kota Cimahi
Villa in Cisarua - Odetta Villa at Puncak - Private Pool,"Rp 23,577,415",4.86,7,https://www.airbnb.com/rooms/1240189523837229105,Kota Cimahi
Home in Megamendung - Vimala Hills villa and resort Ciawi Puncak- KLI-23,"Rp 8,232,298",4.83,92,https://www.airbnb.com/rooms/46479275,Kota Cimahi
"Home in Cisarua - Villa Asca Syariah Cisarua, Puncak Bogor","Rp 13,300,000",New,0,https://www.airbnb.com/rooms/1736900622931612408,Kota Cimahi
Home in Megamendung - Vimala Hills Cluster Alpen 3BR,"Rp 6,847,062",4.75,44,https://www.airbnb.com/rooms/986440612983390703,Kota Cimahi
Villa in Megamendung - Vimala Hills Private Pool Villa 4 BR By Villaire,"Rp 18,772,362",4.88,52,https://www.airbnb.com/rooms/580884512544391386,Kota Cimahi
"Villa in Cisarua - Annapurna Resort - Peak, Bogor","Rp 23,935,443",4.92,12,https://www.airbnb.com/rooms/1396076654676455706,Kota Cimahi
Home in Cigombong - Retreat farm hill villa nature fog sunrise for 23,"Rp 12,500,000",5.0,14,https://www.airbnb.com/rooms/1516737947076459704,Kota Cimahi
Cottage in Cisarua - Villa Art hill - A little Bali in PUNCAK,"Rp 9,129,416",4.74,171,https://www.airbnb.com/rooms/34953192,Kota Cimahi
Home in Babakan Madang - Villa Mantra Sentul,"Rp 10,950,000",New,0,https://www.airbnb.com/rooms/1742019042312257966,Kota Cimahi
"Apartment in Bogor Selatan - Tiny, Comfortable, Easy Access Apartment","Rp 2,567,648",4.93,40,https://www.airbnb.com/rooms/1245303856255394190,Kota Cimahi
"Home in Babakan Madang - Villa in Sentul City for 20, with Pool & Kids Area","Rp 15,969,780",4.74,306,https://www.airbnb.com/rooms/13105134,Kota Cimahi
"Home in Bogor Selatan - Cozy Villa Rivela – 3BR, Rooftop & Private Pool","Rp 11,183,535",4.96,27,https://www.airbnb.com/rooms/1429393425801380680,Kota Cimahi
Home in Cisarua - Lulu Luxury New 5br Villa Private Family Gathering,"Rp 31,000,000",5.0,6,https://www.airbnb.com/rooms/1554753704616647334,Kota Cimahi
"Home in Cisarua - Villa MarCel, Puncak – Cisarua","Rp 15,125,160",5.0,8,https://www.airbnb.com/rooms/1528664024512479846,Kota Cimahi
"Home in Bogor Selatan - Rancamaya Villa, South Bogor","Rp 9,688,022",4.85,13,https://www.airbnb.com/rooms/1467954434983251276,Kota Cimahi
Room in Kecamatan Babakan Madang - Lazespace 302 Homy Relax Studio Unit [Non-Smoking],"Rp 2,930,634",4.96,141,https://www.airbnb.com/rooms/9034156,Kota Cimahi
Villa in Cisarua - Happy Cabin - RumaMamah Glamping,"Rp 5,035,000",5.0,21,https://www.airbnb.com/rooms/1362686610958509046,Kota Cimahi
Villa in Ciawi - Hanami Villa @ Vimala Hills - Japandi Style Villa,"Rp 16,640,000",4.87,46,https://www.airbnb.com/rooms/54132227,Kota Cimahi
Villa in Cisarua - Villa Urib Puncak,"Rp 7,589,285",4.84,19,https://www.airbnb.com/rooms/986557734644165908,Kota Cimahi
Villa in Megamendung - Vimalla Hills Villa 3-BR Bromo,"Rp 8,873,628",4.98,41,https://www.airbnb.com/rooms/1143305121311059909,Kota Cimahi
Villa in Megamendung - Villa Little Ubud in Vimala Hills Resort,"Rp 10,206,137",4.75,107,https://www.airbnb.com/rooms/737311128669809570,Kota Cimahi
Home in Jawa Barat - Villa ALEZO @ Vimala Hills (Modern Private POOL),"Rp 23,964,717",5.0,11,https://www.airbnb.com/rooms/974241337662738923,Kota Cimahi
"Home in Tenjolaya - Bumi Mintarsah, Tenjolaya, Bogor","Rp 23,462,400",New,0,https://www.airbnb.com/rooms/1739796353872620630,Kota Cimahi
Home in Megamendung - 2 km Private Sepoi Villa 2 from Exit Toll (12pax),"Rp 15,680,634",5.0,14,https://www.airbnb.com/rooms/1374452508444714563,Kota Cimahi
"Home in Kecamatan Babakan Madang - TheSangtusHome, your sanctuary w/Pool,Gazebo&Grill","Rp 12,512,476",5.0,98,https://www.airbnb.com/rooms/1005509019735011198,Kota Cimahi
Home in Bogor Selatan - Omah LeReen Bogor with Jacuzzi@ Bogor Village A-33,"Rp 6,647,356",4.86,35,https://www.airbnb.com/rooms/1269935724509026372,Kota Cimahi
Home in Megamendung - Nuraga Stay - Whole (4 Room),"Rp 9,772,469",5.0,17,https://www.airbnb.com/rooms/1473193694962567288,Kota Cimahi
Home in Cijeruk - The Quiet Crest by OMANA,"Rp 17,231,773",4.97,33,https://www.airbnb.com/rooms/1201255875836175233,Kota Cimahi
Place to stay in Megamendung - Calma Terra Loft Megamendung Near Taman Safari,"Rp 3,615,225",4.71,14,https://www.airbnb.com/rooms/1491832530510879880,Kota Cimahi
Tiny home in Cisarua - Corner 2 by The Lawn Citeko~Architecture in Nature,"Rp 4,740,000",New,0,https://www.airbnb.com/rooms/1739132133691395011,Kota Cimahi
Guesthouse in Megamendung - New Villa Moane by Thevillaku,"Rp 7,189,415",4.5,12,https://www.airbnb.com/rooms/1338040347090827184,Kota Cimahi
Villa in Ciawi - Brick Cottage in the Woods,"Rp 12,843,407",5.0,5,https://www.airbnb.com/rooms/888855752921437739,Kota Cimahi
Home in Bogor Selatan - The R House-Kids friendly house at Rancamaya Golf,"Rp 3,994,120",4.94,32,https://www.airbnb.com/rooms/904782845849187798,Kota Cimahi
Villa in Cisarua - Villa Kusumo / mountain villa / pool / tennis,"Rp 15,200,478",4.84,81,https://www.airbnb.com/rooms/53152467,Kota Cimahi
Home in Kecamatan Bogor Timur - Escape to Serenity Spring Villa,"Rp 6,447,650",5.0,46,https://www.airbnb.com/rooms/1275800313076426259,Kota Cimahi
Villa in Megamendung - Mountain View! Villa Amerta 5BR at Vimala Hills,"Rp 27,003,851",4.89,45,https://www.airbnb.com/rooms/1057714368627674337,Kota Cimahi
Home in Kecamatan Babakan Madang - Sleeps 20! 5 Bedrooms Golf View Pool Hale Sentul,"Rp 42,616,764",5.0,103,https://www.airbnb.com/rooms/1148904776993089842,Kota Cimahi
Villa in Bogor - Villa Engkong Ciawi,"Rp 9,631,534",4.7,20,https://www.airbnb.com/rooms/45883632,Kota Cimahi
"Cottage in Cisarua - Villa Ellena -Graceful mood, inside Pesona Alam","Rp 10,270,593",4.69,58,https://www.airbnb.com/rooms/52997211,Kota Cimahi
"Home in Kecamatan Babakan Madang - 4BR, Family Villa near Taman Budaya","Rp 8,873,628",5.0,23,https://www.airbnb.com/rooms/1577500574529029314,Kota Cimahi
Home in Bogor Selatan - Virstay Mezzanine Villa at Rancamaya by Damaresa,"Rp 3,309,534",N/A,0,https://www.airbnb.com/rooms/1683879476067883757,Kota Cimahi
Rooms in Kecamatan Babakan Madang - Lazespace 301 Homy Relax 2BR Unit [Non-Smoking],"Rp 5,277,472",4.99,84,https://www.airbnb.com/rooms/13284945,Kota Cimahi
Villa in Bogor - Villa Mawar. Villa Warung Gunung Cisarua,"Rp 14,501,375",4.94,63,https://www.airbnb.com/rooms/42620314,Kota Cimahi
Villa in Megamendung - VEI Haus - 4BR Pet Friendly Villa in Vimala Hills,"Rp 15,691,184",5.0,6,https://www.airbnb.com/rooms/1114870031102672003,Kota Cimahi
"Villa in Megamendung - Villa Scarlet, Megamendung, West Java","Rp 8,523,351",4.79,89,https://www.airbnb.com/rooms/38463116,Kota Cimahi
Villa in Cisarua - Villa Wonoto,"Rp 36,570,000",5.0,14,https://www.airbnb.com/rooms/1186718031736835129,Kota Cimahi
Villa in Cisarua - Villa Dareta Taman Safari,"Rp 14,540,770",4.73,89,https://www.airbnb.com/rooms/12077029,Kota Cimahi
"Villa in Megamendung - Private villa w pool at deGadog 88, Mega Mendung","Rp 9,129,416",4.86,72,https://www.airbnb.com/rooms/38774078,Kota Cimahi
Villa in Megamendung - Mountain View 4BR Private Pool at Vimala Hills,"Rp 20,200,887",5.0,19,https://www.airbnb.com/rooms/53732186,Kota Cimahi
Villa in Cisarua - Asyana Hills @ Citeko with Private Pool and Garden,"Rp 7,472,528",4.62,95,https://www.airbnb.com/rooms/814388179966535088,Kota Cimahi
Home in Cisarua - The FARA Villa Cisarua,"Rp 20,826,480",N/A,0,https://www.airbnb.com/rooms/1592596697961058010,Kota Cimahi
Rooms in Caringin - Villa Alia C03 By The Villas 100,"Rp 9,585,887",4.33,3,https://www.airbnb.com/rooms/1429363643532053738,Kota Cimahi
Villa in Bogor Selatan - Eco-home on the mountain,"Rp 8,750,000",4.96,83,https://www.airbnb.com/rooms/53152404,Kota Cimahi
Home in Pacet - Jason Farm Villa w 3 Mount View Max 25 pax,"Rp 9,367,200",5.0,18,https://www.airbnb.com/rooms/1459039081742905174,Kota Cimahi
Villa in Ciawi - ELO8 by LuxVilla @ Vimala Hills [newly renovated],"Rp 12,033,711",5.0,22,https://www.airbnb.com/rooms/1325173452956021845,Kota Cimahi
Home in Bogor Selatan - Rivella Park Bogor,"Rp 7,892,666",4.48,27,https://www.airbnb.com/rooms/1043367246589150311,Kota Cimahi
Villa in Barat - Villa Fortuna168 - Gaharu,"Rp 20,541,186",5.0,9,https://www.airbnb.com/rooms/1581590601103096260,Kota Cimahi
Tent in Cisarua - Luxury Glamping Tent @ Casa de Monique Bogor,"Rp 8,750,000",4.67,3,https://www.airbnb.com/rooms/1540563630578328813,Kota Cimahi
Villa in Cipanas - The Lavana at Villa BIS Puncak Pass - 78 Pax,"Rp 59,750,000",New,0,https://www.airbnb.com/rooms/1714177820498701607,Kota Cimahi
Home in Megamendung - Designer 3BR Villa Andes,"Rp 18,329,560",4.74,19,https://www.airbnb.com/rooms/1056117500194793428,Kota Cimahi
"Home in Cijeruk - Omah Noto Cijeruk, Mountain View Salak & Pangrango","Rp 5,837,915",4.96,23,https://www.airbnb.com/rooms/1208511120369997538,Kota Cimahi
Villa in Megamendung - Land of Tranquil Light Villa,"Rp 22,282,166",4.8,137,https://www.airbnb.com/rooms/21484049,Kota Cimahi
Home in Megamendung - Villa Puncak Private Pool 3 BR - Casa De Nirankara 1,"Rp 10,200,000",4.37,49,https://www.airbnb.com/rooms/989346996501299896,Kota Cimahi
Villa in Bogor Selatan - The Private Peaceful Villa,"Rp 8,891,969",4.96,105,https://www.airbnb.com/rooms/1080999484637260125,Kota Cimahi
Cabin in Cisarua - Bango Cabins Loft-2BR,"Rp 8,170,370",N/A,0,https://www.airbnb.com/rooms/1190333321567924499,Kota Cimahi
Home in Megamendung - Vimala Hills BETAH VILLA Argopuro 5BR Privatepool,"Rp 31,838,838",4.9,21,https://www.airbnb.com/rooms/1130343546033699457,Kota Cimahi
Villa in Megamendung - Private Pool Grand Bromo 4BR Villa at Vimala Hills,"Rp 19,442,804",5.0,3,https://www.airbnb.com/rooms/54192334,Kota Cimahi
Home in Cisarua - Villa Rumah Kayu Puncak,"Rp 11,882,553",5.0,6,https://www.airbnb.com/rooms/1644612948664457771,Kota Cimahi
Home in Cisarua - Cottonwood Yaputa 20pax Hot-Onsen 1000sqm Karaoke,"Rp 24,581,250",4.96,47,https://www.airbnb.com/rooms/1385235220834861351,Kota Cimahi
Home in Kecamatan Bogor Timur - Peaceful Bogor Home with Garden & Koi Pond,"Rp 7,245,195",5.0,3,https://www.airbnb.com/rooms/1119793998134873273,Kota Cimahi
Home in Megamendung - 4BR Villa for 10 Pax,"Rp 11,495,000",4.8,10,https://www.airbnb.com/rooms/1373206018342100342,Kota Cimahi
Room in Bogor Utara - Room A in Kost Domov,"Rp 925,000",New,0,https://www.airbnb.com/rooms/1737148648603732279,Kota Cimahi
Home in Megamendung - Cottonwood Sagarmatha Heated-pool Netflix Karaoke,"Rp 22,254,376",4.91,44,https://www.airbnb.com/rooms/856056827794703273,Kota Cimahi
Cabin in Cisarua - Bamboo Cabin @ Casa de Monique,"Rp 6,250,000",4.89,9,https://www.airbnb.com/rooms/1540542404522404589,Kota Cimahi
Villa in Cisarua - Joyful Cabin - RumaMamah Glamping,"Rp 6,355,000",4.67,6,https://www.airbnb.com/rooms/1362793703026051832,Kota Cimahi
Treehouse in Cipanas - Misty Mountain Treehouse by the Pond,"Rp 3,765,452",5.0,31,https://www.airbnb.com/rooms/1097750818565770995,Kota Cimahi
Villa in Megamendung - Vimala Hills Cozy Villa Puncak Bogor,"Rp 7,531,768",4.72,64,https://www.airbnb.com/rooms/39656470,Kota Cimahi
Home in Bogor Utara - Cozy 2BR House near Park & Golf | 3 Beds,"Rp 3,497,372",5.0,23,https://www.airbnb.com/rooms/1611545643010678553,Kota Cimahi
Villa in Megamendung - A 3BR Indonesian Classic Premium Vimala Hills,"Rp 10,255,758",4.67,73,https://www.airbnb.com/rooms/39514330,Kota Cimahi
"Townhouse in Babakan Madang - ""Sentul Made with LOVE""","Rp 5,705,885",4.92,197,https://www.airbnb.com/rooms/52467276,Kota Cimahi
Villa in Ciawi - Villa Kay Village,"Rp 9,100,000",4.73,40,https://www.airbnb.com/rooms/1179967396063827343,Kota Cimahi
Villa in Cipanas - The Lavana at Villa BIS Puncak Pass | 6 VIP Rooms,"Rp 14,100,000",New,0,https://www.airbnb.com/rooms/1738198789870427742,Kota Cimahi
Home in Babakan Madang - The Sanctuary  Corner Home,"Rp 10,783,309",4.91,43,https://www.airbnb.com/rooms/1365731033290980185,Kota Cimahi
Home in Bogor Selatan - Stunning Mountain Escape w/Pool.,"Rp 59,453,888",4.98,44,https://www.airbnb.com/rooms/736651312361520990,Kota Cimahi
Home in Pacet - New Villa Ubud at Cipanas Puncak Max 25 pax,"Rp 11,896,431",4.97,31,https://www.airbnb.com/rooms/1307855685698096921,Kota Cimahi
"Villa in Cicurug - Villa Anuka in Cicurug_serenity, valuable space","Rp 13,918,287",4.75,36,https://www.airbnb.com/rooms/963501419224201634,Kota Cimahi
Home in Babakan Madang - Villa Djiwa Sentul,"Rp 18,350,000",New,0,https://www.airbnb.com/rooms/1742041732404767500,Kota Cimahi
"Home in Cisarua - Alvira 1
By @villakitagroup","Rp 12,838,241",4.69,35,https://www.airbnb.com/rooms/1040336443662269312,Kota Cimahi
Villa in Bogor Utara - Jinju Pool Villa Bogor Kota 720m² 8 Bedrooms,"Rp 10,082,412",5.0,8,https://www.airbnb.com/rooms/1673049929253044425,Kota Cimahi
Villa in Megamendung - Vimala Villa Verde by Terra Homes Anvaya,"Rp 29,190,000",5.0,20,https://www.airbnb.com/rooms/1375136027871296796,Kota Cimahi
"Villa in Megamendung - The Lux at Vimala Hills, a 5 Bedroom Villa w/ Pool","Rp 27,783,095",5.0,11,https://www.airbnb.com/rooms/1406586261129490901,Kota Cimahi
Home in Megamendung - The Vimala Signature |Villa Termewah by Vimala Hill,"Rp 59,000,000",5.0,3,https://www.airbnb.com/rooms/1401513701774287439,Kota Cimahi
"Home in Kecamatan Babakan Madang - D’SangtusGrand, your sanctuary w/Pool,Gazebo&Grill","Rp 15,685,478",5.0,6,https://www.airbnb.com/rooms/1399106878233605108,Kota Cimahi
Villa in Babakan Madang - The Lavana Edensor 7BR Shared Pool & café Sentul,"Rp 48,960,000",New,0,https://www.airbnb.com/rooms/1725098850290311921,Kota Cimahi
Home in Babakan Madang - Sentul Mbok Minah Villa,"Rp 7,883,251",5.0,31,https://www.airbnb.com/rooms/1614284363197553772,Kota Cimahi
"Home in Ciawi - Suryana Village, Megamendung","Rp 50,144,670",New,0,https://www.airbnb.com/rooms/1741353780728923467,Kota Cimahi
Home in Megamendung - Wins Villa 2 - Spacious Escape w/ Billiard,"Rp 51,022,000",New,0,https://www.airbnb.com/rooms/1533381419583419500,Kota Cimahi
"Home in Cisarua - Villa Favore, a cozy stay in Cisarua Puncak","Rp 38,724,452",N/A,0,https://www.airbnb.com/rooms/1688296212951014294,Kota Cimahi
Home in Cisarua - Twin Villa with Mountain View 6BR | Cisarua Puncak,"Rp 29,908,000",New,0,https://www.airbnb.com/rooms/1736067971841744902,Kota Cimahi
Villa in Cisarua - 6BR Luxury Villa with Pine Forest & Mountain View,"Rp 94,000,000",5.0,3,https://www.airbnb.com/rooms/1556686651946341760,Kota Cimahi
Home in Babakan Madang - Spacious 4BR Villa | Private Pool | Near Sentul,"Rp 26,500,000",New,0,https://www.airbnb.com/rooms/1745422872910402845,Kota Cimahi
Home in Megamendung - Villa Sigma @Vimala Hills,"Rp 8,664,386",4.84,19,https://www.airbnb.com/rooms/1433128656565458798,Kota Cimahi
Home in Babakan Madang - The Circle Guesthouse Sentul City,"Rp 13,166,577",5.0,10,https://www.airbnb.com/rooms/1689679767282179329,Kota Cimahi
Villa in Megamendung - Punpun House,"Rp 8,501,769",4.85,27,https://www.airbnb.com/rooms/1438954757077655706,Kota Cimahi
Villa in Megamendung - Premier 4BR Villa w/ Private Pool at Vimala Hills,"Rp 21,653,834",4.93,42,https://www.airbnb.com/rooms/53456467,Kota Cimahi
Home in Cisarua - Arga Turangga Cabin,"Rp 8,438,630",5.0,11,https://www.airbnb.com/rooms/1290563144105802122,Kota Cimahi
Home in Megamendung - Wins Villa 1 - Spacious Escape w/ Meeting Room,"Rp 45,535,720",5.0,8,https://www.airbnb.com/rooms/1240347826373700098,Kota Cimahi
Cabin in Megamendung - Kuta Sanctuary,"Rp 9,000,000",New,0,https://www.airbnb.com/rooms/1703666095717535607,Kota Cimahi
Villa in Cisarua - villa mombo,"Rp 5,827,100",4.67,27,https://www.airbnb.com/rooms/1168708482275140583,Kota Cimahi
Home in Bogor Selatan - Grand Ivory Villa 6BR in Kota Bogor,"Rp 12,324,712",N/A,0,https://www.airbnb.com/rooms/1658386729667816419,Kota Cimahi
Home in Bogor Selatan - Modern Sanctuary @ Rancamaya,"Rp 8,901,181",5.0,3,https://www.airbnb.com/rooms/1631189674914715086,Kota Cimahi
Villa in Kecamatan Bogor Utara - Cheerful 3 BR Villa for family vacation in Bogor,"Rp 8,705,326",5.0,14,https://www.airbnb.com/rooms/27787490,Kota Cimahi
Cabin in Cidahu - Villa Pondok D'jati,"Rp 9,924,450",5.0,32,https://www.airbnb.com/rooms/1367034082865588344,Kota Cimahi
Home in Megamendung - Villa Matjha,"Rp 6,480,084",5.0,5,https://www.airbnb.com/rooms/1561986866239563866,Kota Cimahi
Home in Sukaraja - villa Nabil operated by villanih,"Rp 7,668,475",New,0,https://www.airbnb.com/rooms/1494972643238885280,Kota Cimahi
Home in Babakan Madang - Alam Sejuk Sentul Villa,"Rp 11,628,497",5.0,3,https://www.airbnb.com/rooms/1674479113627393837,Kota Cimahi
Guesthouse in Cipanas - Family Villa for Rent in Green Apple,"Rp 11,411,770",4.97,30,https://www.airbnb.com/rooms/1425148302402391801,Kota Cimahi
Home in Megamendung - Villa Montaview Puncak (Mountain View Cottage),"Rp 7,706,045",4.72,18,https://www.airbnb.com/rooms/1119509736437705065,Kota Cimahi
Villa in Bogor - Villa Anggrek. Villa Warung Mount Cisarua,"Rp 9,772,664",4.91,47,https://www.airbnb.com/rooms/42747999,Kota Cimahi
Townhouse in Bogor Selatan - The Beautiful Peaceful House,"Rp 8,350,837",4.97,163,https://www.airbnb.com/rooms/865675106534269439,Kota Cimahi
Home in Kecamatan Babakan Madang - The V Alina 3 Bedroom Pool-Karaoke-Billiards-Pingpong,"Rp 10,200,000",5.0,3,https://www.airbnb.com/rooms/1613401586530658398,Kota Cimahi
Villa in Cisarua - Villa Bumi Ibu by The Raffa's Villa,"Rp 11,012,358",4.88,16,https://www.airbnb.com/rooms/730081901455170020,Kota Cimahi
"Home in Kecamatan Babakan Madang - Maston Spring House Sentul, Bogor","Rp 7,525,086",4.83,29,https://www.airbnb.com/rooms/1330544611498746565,Kota Cimahi
"Home in Cisarua - Villa Morris - Artistic Touch, Float on Air","Rp 11,411,770",4.32,19,https://www.airbnb.com/rooms/1184415846800236285,Kota Cimahi
Villa in Cisarua - Villa Restu 5 – Cozy 2BR Mountain View in Puncak,"Rp 5,106,250",5.0,5,https://www.airbnb.com/rooms/1546485957861786188,Kota Cimahi
Villa in Megamendung - NEW! Luxurious Villa @ Vimala Hills,"Rp 34,723,388",4.91,11,https://www.airbnb.com/rooms/816192778380569084,Kota Cimahi
"Home in Cisarua - Qyu villa, Cisarua peak Bogor","Rp 10,333,108",4.67,18,https://www.airbnb.com/rooms/818405542769973149,Kota Cimahi
Home in Bogor Selatan - A cozy 3-bed room house in Rancamaya Golf,"Rp 10,099,265",4.87,141,https://www.airbnb.com/rooms/28233651,Kota Cimahi
Villa in Bogor Selatan - The Beautiful White Villa,"Rp 8,910,793",4.91,151,https://www.airbnb.com/rooms/971393881848836180,Kota Cimahi
Home in Megamendung - Villa Macedon di Vimala Hills 3B3B,"Rp 11,600,000",N/A,0,https://www.airbnb.com/rooms/1646309103619264335,Kota Cimahi
Villa in Cisarua - Villa The Zeno House,"Rp 5,709,445",4.84,25,https://www.airbnb.com/rooms/49063417,Kota Cimahi
Rooms in Caringin - Villa Alia C02 By The Villas 100,"Rp 9,129,416",4.29,7,https://www.airbnb.com/rooms/1429359018086862948,Kota Cimahi
Home in Kecamatan Babakan Madang - Sentul Lekker Dier,"Rp 11,525,888",4.96,128,https://www.airbnb.com/rooms/1050408410966840918,Kota Cimahi
Home in Kecamatan Babakan Madang - Alam Elok 21,"Rp 6,520,517",4.81,58,https://www.airbnb.com/rooms/52947786,Kota Cimahi
Villa in Ciawi - Villa Aldesa,"Rp 13,597,339",4.89,9,https://www.airbnb.com/rooms/959071466305240148,Kota Cimahi
Home in Babakan Madang - 6 Bedrooms |Hillside View|BBQ|Karaoke|24H Helper,"Rp 26,270,610",5.0,11,https://www.airbnb.com/rooms/1538232743384121857,Kota Cimahi
"Villa in Cigombong - Selayang Oribu, Direct Sunrise view of Mount Gede","Rp 7,657,200",4.71,31,https://www.airbnb.com/rooms/612559258605916614,Kota Cimahi
Home in Bogor Timur - Terakota House Bogor | Warm Brick Family Home,"Rp 6,315,000",5.0,6,https://www.airbnb.com/rooms/1693258172294377459,Kota Cimahi
Home in Caringin - Seven Terrace,"Rp 30,925,897",5.0,3,https://www.airbnb.com/rooms/1261164942558251110,Kota Cimahi
Cottage in Cisarua - Villa Andante - make slow your day in PUNCAK,"Rp 11,183,535",4.68,53,https://www.airbnb.com/rooms/46387184,Kota Cimahi
Villa in Megamendung - 4 Bedroom & Privt Pool in Vimala Hills[18 ppl max],"Rp 21,111,775",4.97,72,https://www.airbnb.com/rooms/26482417,Kota Cimahi
Home in Babakan Madang - S.A.L.T. House - Cozy home for rent at Sentul,"Rp 8,901,181",4.95,78,https://www.airbnb.com/rooms/34347435,Kota Cimahi
Home in Pacet - Villa Kota Bunga Cipanas 2BR + Private Pool,"Rp 5,420,591",New,0,https://www.airbnb.com/rooms/1700768675478418319,Kota Cimahi
Guesthouse in Cisarua - Villa Brown Cisarua,"Rp 11,295,598",5.0,9,https://www.airbnb.com/rooms/1332150939776715149,Kota Cimahi
Home in Pacet - 2br Inplana Cabin Puncak B (4-5 pax),"Rp 2,852,943",4.91,11,https://www.airbnb.com/rooms/1561698257771316620,Kota Cimahi
"Home in Cisarua - we
By @villakitagroup","Rp 8,501,769",4.69,13,https://www.airbnb.com/rooms/1358538064134614218,Kota Cimahi
Apartment in Kecamatan Babakan Madang - Comfy and clean room with a view,"Rp 1,811,048",4.92,12,https://www.airbnb.com/rooms/1535348312277855452,Kota Cimahi
Hotel in Cisarua - Sulaeman’s Vila Near Taman Safari Zoo (B room),"Rp 8,815,249",5.0,33,https://www.airbnb.com/rooms/1045988618052537210,Kota Cimahi
Villa in Kecamatan Babakan Madang - Villa Khayangan 7 Luxe 5 BR+Private Pool 26 guests,"Rp 23,964,717",4.94,136,https://www.airbnb.com/rooms/847314142701006350,Kota Cimahi
Home in Cijeruk - Grey House Cijeruk,"Rp 6,390,591",5.0,11,https://www.airbnb.com/rooms/1452574941250304351,Kota Cimahi
"Home in Cisarua - 5-BR Villa Masula, Puncak, Bogor","Rp 23,679,423",N/A,0,https://www.airbnb.com/rooms/1639087949649445924,Kota Cimahi
Villa in Megamendung - Vimala Hills Villa 3BR w Gazebo Garden by Villaire,"Rp 10,119,387",4.77,53,https://www.airbnb.com/rooms/51919731,Kota Cimahi
Tiny home in Cigombong - Selayang Enau [S] Resort Sugar Aren,"Rp 5,815,040",4.79,19,https://www.airbnb.com/rooms/1375885019652392966,Kota Cimahi
Villa in Cisarua - Villa Royanifer with private pool & great scenery,"Rp 10,612,946",4.87,84,https://www.airbnb.com/rooms/46027386,Kota Cimahi
"Home in Kecamatan Padalarang - Ivory House

A cozy little stay to relax&recharge","Rp 6,400,000",New,0,https://www.airbnb.com/rooms/1738249911883319391,Kabupaten Bandung
Villa in Pasirjambu - AVANA Riverside Villa's - Freesia 5 (With Pool),"Rp 11,091,410",5.0,14,https://www.airbnb.com/rooms/1386655312091759658,Kabupaten Bandung
"Home in Sukajadi - Clean, Comfortable, Stylish,  Belgareti House","Rp 5,239,500",4.83,355,https://www.airbnb.com/rooms/9822087,Kabupaten Bandung
Home in Parompong - Villa Tulip w/ Netflix & Free Parking – Near Dago,"Rp 5,500,000",4.93,107,https://www.airbnb.com/rooms/1309338660356801266,Kabupaten Bandung
Guest suite in Lengkong - • Sitsar Pavilion Bed & Breakfast 2 • WiFi+Smart TV,"Rp 2,909,615",4.9,354,https://www.airbnb.com/rooms/30789106,Kabupaten Bandung
Home in Lembang - Villa Alinda C02 by Kava Stay,"Rp 7,567,000",4.86,129,https://www.airbnb.com/rooms/1354855359186797926,Kabupaten Bandung
Home in Kecamatan Padalarang - Kamila KBP Bandung Sharia Villa,"Rp 6,304,945",4.98,65,https://www.airbnb.com/rooms/1258408707728613576,Kabupaten Bandung
Home in Lembang - Villa Alinda C06 by Kava Stay,"Rp 7,433,750",4.81,125,https://www.airbnb.com/rooms/1218796498115339510,Kabupaten Bandung
Home in Cileunyi - Cileunyi Bandung Sharia House near Jatinangor,"Rp 2,160,028",4.96,25,https://www.airbnb.com/rooms/881469427992930499,Kabupaten Bandung
Guesthouse in Pangalengan - a house with a tea garden atmosphere,"Rp 5,580,000",4.91,11,https://www.airbnb.com/rooms/45965004,Kabupaten Bandung
Villa in Kecamatan Coblong - ERD Villa W/ Pool and Playstation 5,"Rp 14,550,000",4.89,203,https://www.airbnb.com/rooms/688935185818199887,Kabupaten Bandung
Guesthouse in Parompong - Relax in a modern guesthouse,"Rp 3,532,432",New,0,https://www.airbnb.com/rooms/1734750277447267280,Kabupaten Bandung
Room in Cicendo - Luxury Family Suite in the Heart of Bandung,"Rp 3,888,885",New,0,https://www.airbnb.com/rooms/1725301569884671201,Kabupaten Bandung
Apartment in Sukajadi - Theros | Bandung | City View | Pool | PVJ Mall,"Rp 3,223,825",4.74,19,https://www.airbnb.com/rooms/1486953811341062724,Kabupaten Bandung
Apartment in Lengkong - Premium 74m² 2BR at Grand Asia Afrika by My Daily,"Rp 5,187,918",5.0,44,https://www.airbnb.com/rooms/1381614380038118334,Kabupaten Bandung
"Home in Kecamatan Cidadap - 4BR Villa Bandung • Pool, Billiard & Green View","Rp 10,639,995",4.88,99,https://www.airbnb.com/rooms/1086443732191751752,Kabupaten Bandung
Home in Kecamatan Sumur Bandung - Plum Room. Unique Stay at Jl Lombok Bandung.,"Rp 2,033,577",4.74,98,https://www.airbnb.com/rooms/1209981171481587060,Kabupaten Bandung
"Villa in Kecamatan Cidadap - Staycation Villa 4-9 Pax | Karaoke, Netflix, BBQ!","Rp 8,400,000",4.88,105,https://www.airbnb.com/rooms/53052665,Kabupaten Bandung
Apartment in Cicendo - Azura by Arcadia • Deep Coastal @ Gateway Pasteur,"Rp 2,658,942",5.0,29,https://www.airbnb.com/rooms/1582260434243559902,Kabupaten Bandung
Home in Kecamatan Padalarang - Naomi Wijaya Villa in Bandung,"Rp 5,884,618",5.0,10,https://www.airbnb.com/rooms/1303186797726052038,Kabupaten Bandung
"Home in Kecamatan Padalarang - Willow House

A cozy little stay to relax&recharge","Rp 7,065,600",New,0,https://www.airbnb.com/rooms/1735611125570838865,Kabupaten Bandung
Home in Bojongsoang - Villa Cherry Field Terusan Fruit Stone Bandung,"Rp 5,311,000",4.94,18,https://www.airbnb.com/rooms/1525235830524776810,Kabupaten Bandung
"Home in Tarogong - Campernik Villa 
Modern, cozy, estetik","Rp 4,929,885",4.89,18,https://www.airbnb.com/rooms/1596314586251001889,Kabupaten Bandung
Villa in Cimaung - Feridys Villa - Private 3+1BR Villa in Cimaung,"Rp 8,209,272",5.0,4,https://www.airbnb.com/rooms/4567217,Kabupaten Bandung
Cottage in Cidadap - Green & Spacious - Green Grace Cottage,"Rp 7,822,802",4.94,303,https://www.airbnb.com/rooms/27922503,Kabupaten Bandung
Home in Padalarang - Maiara Family House Kota Baru Parahyangan,"Rp 9,613,491",5.0,14,https://www.airbnb.com/rooms/1592554522290298514,Kabupaten Bandung
Home in Kecamatan Buahbatu - Kencana House,"Rp 3,515,983",5.0,35,https://www.airbnb.com/rooms/1327859648058932827,Kabupaten Bandung
Apartment in Kecamatan Lengkong - Scandinavian room | Grand Asia Afrika,"Rp 1,897,320",4.88,325,https://www.airbnb.com/rooms/38667921,Kabupaten Bandung
Condo in Sumurbandung - Greywood | On Braga Street | 2 Bedroom | 6 Guest,"Rp 3,707,684",4.98,46,https://www.airbnb.com/rooms/1638854356711572860,Kabupaten Bandung
Home in Cimenyan - RustWood Villa W/ Pool,"Rp 12,160,000",4.94,143,https://www.airbnb.com/rooms/1366325220058009085,Kabupaten Bandung
Home in Pangalengan - Terra House | Villa with pool Pangalengan,"Rp 22,780,350",New,0,https://www.airbnb.com/rooms/1742222743939661346,Kabupaten Bandung
Apartment in Lengkong - Uluwatu by Beriruang Grand Asia Africa,"Rp 1,460,707",5.0,19,https://www.airbnb.com/rooms/1586299104021722298,Kabupaten Bandung
"Home in Kecamatan Cidadap - 4BR Bandung, Jacuzzi, Kids Bunk, Slide & Bathtub","Rp 7,199,994",4.77,100,https://www.airbnb.com/rooms/1089741644093928444,Kabupaten Bandung
Apartment in Cicendo - Oia Escape | Bandung | Pasteur | Lembang | Pool,"Rp 2,967,060",5.0,13,https://www.airbnb.com/rooms/1601971873606606846,Kabupaten Bandung
Home in Antapani - Netflix I 15 minutes to city I 8 guest,"Rp 3,897,690",4.91,11,https://www.airbnb.com/rooms/1659944084507668322,Kabupaten Bandung
Apartment in Sumurbandung - Diamond 16 Signature Suite at El Royale | NEW,"Rp 8,558,828",4.98,42,https://www.airbnb.com/rooms/1556207630812435465,Kabupaten Bandung
Home in Cimenyan - The Infinity Villa by Kava Stay,"Rp 14,321,250",4.97,60,https://www.airbnb.com/rooms/1568080010083472116,Kabupaten Bandung
"Earthen home in Bandung - Designer Stay Bandung • Bathtub, Patio & Starlight","Rp 5,599,995",4.69,208,https://www.airbnb.com/rooms/36359538,Kabupaten Bandung
Home in Batujajar - Luxury Villa W/ Jacuzzi & Playstation 5,"Rp 6,935,000",4.9,78,https://www.airbnb.com/rooms/1422197736216380861,Kabupaten Bandung Barat
Villa in Batujajar - Little Bnb Camp Forest,"Rp 8,809,620",4.9,29,https://www.airbnb.com/rooms/1303264948515752634,Kabupaten Bandung Barat
Home in Ngamprah - Luxury villa with a beautiful mountain view,"Rp 4,750,000",5.0,10,https://www.airbnb.com/rooms/1678780191111122562,Kabupaten Bandung Barat
"Home in Kota Baru Parahyangan, - Villa Garden - Clean & Comfort @ KBP","Rp 3,847,500",4.95,22,https://www.airbnb.com/rooms/1558403337735061072,Kabupaten Bandung Barat
Home in Batujajar - New Ditaru Villa with Private Pool | 4 BR | KBP,"Rp 10,042,358",5.0,6,https://www.airbnb.com/rooms/1695603937827169358,Kabupaten Bandung Barat
Home in Batujajar - Naomi Nala Villa in Bandung,"Rp 11,517,036",4.84,25,https://www.airbnb.com/rooms/1407668285752348971,Kabupaten Bandung Barat
Home in Parompong - Villa Kita – with Pool & PlayStation,"Rp 13,062,500",4.83,98,https://www.airbnb.com/rooms/1386261740061930964,Kabupaten Bandung Barat
"Villa in Cimenyan - Luxury Villa, Bali Vibes in The Heart of Dago","Rp 23,643,547",4.93,14,https://www.airbnb.com/rooms/1568879857425731376,Kabupaten Bandung Barat
"Home in Padalarang - Casa Noka, a cozy one-story house in Padalarang","Rp 6,733,517",4.93,14,https://www.airbnb.com/rooms/1523035370417515874,Kabupaten Bandung Barat
Home in Parompong - Luma Villa | Lembang | Pool | Billiard | BBQ,"Rp 12,520,593",New,0,https://www.airbnb.com/rooms/1741049422281833965,Kabupaten Bandung Barat
Villa in Lembang - Calma Villa by Kozystay | Heated Pool | Bandung,"Rp 35,742,000",5.0,20,https://www.airbnb.com/rooms/1543393475621519936,Kabupaten Bandung Barat
Villa in Parompong - Mimi Castle - Pool Sauna Jacuzzi Billiard & Cinema,"Rp 14,737,734",4.68,96,https://www.airbnb.com/rooms/1044160987578580157,Kabupaten Bandung Barat
Cabin in Cihampelas - Sky Cabin with Tatami,"Rp 6,500,000",New,0,https://www.airbnb.com/rooms/1728101847022513882,Kabupaten Bandung Barat
Cabin in Parompong - Serena Villa,"Rp 7,145,326",4.97,71,https://www.airbnb.com/rooms/1166575227172204746,Kabupaten Bandung Barat
Home in Padalarang - Danapati Homestay,"Rp 3,846,998",4.85,20,https://www.airbnb.com/rooms/1439783650388100684,Kabupaten Bandung Barat
"Home in Kecamatan Padalarang - SAE HOME, 2BR House in Kota Baru Parahyangan","Rp 5,674,453",5.0,28,https://www.airbnb.com/rooms/1159730726085671737,Kabupaten Bandung Barat
Home in Cisarua - Cisa Nordia in front of RSJ Cisarua Lembang,"Rp 7,500,000",4.79,112,https://www.airbnb.com/rooms/770766980626001726,Kabupaten Bandung Barat
Home in Kecamatan Padalarang - Rumah Kurnia at KBP,"Rp 6,311,532",4.93,40,https://www.airbnb.com/rooms/1284499582455289916,Kabupaten Bandung Barat
Villa in Batujajar - Comfortable Fragrant Villa,"Rp 13,461,951",4.94,18,https://www.airbnb.com/rooms/1446711304027938501,Kabupaten Bandung Barat
Home in Padalarang - Nagasari House at KBP,"Rp 9,486,034",4.92,12,https://www.airbnb.com/rooms/1568784081376954669,Kabupaten Bandung Barat
Villa in Parompong - Blissful Villa,"Rp 14,750,000",4.96,28,https://www.airbnb.com/rooms/1620765100980077542,Kabupaten Bandung Barat
"Home in Batujajar - Kota Baru Parahyangan, Tidy, Smarthome, 3 BR","Rp 7,297,390",5.0,23,https://www.airbnb.com/rooms/1345582982659519271,Kabupaten Bandung Barat
Villa in Batujajar - Josh House KBP Villa,"Rp 9,540,240",5.0,36,https://www.airbnb.com/rooms/1244207110146939252,Kabupaten Bandung Barat
Home in Padalarang - Comfortable family home in Kota Baru Parahyangan.,"Rp 7,500,000",New,0,https://www.airbnb.com/rooms/1721768970636703684,Kabupaten Bandung Barat
Home in Kecamatan Padalarang - NEW! Marbella House | 3 BR | Modern House at KBP,"Rp 6,043,239",4.82,17,https://www.airbnb.com/rooms/1589662085884733768,Kabupaten Bandung Barat
Villa in Lembang - Malta Castle Lembang Warm Pool Side Karaoke,"Rp 20,223,321",5.0,6,https://www.airbnb.com/rooms/1623145828470270156,Kabupaten Bandung Barat
Apartment in Cicendo - Sunset Waikiki | Bandung | Pasteur | Lembang,"Rp 3,166,766",4.93,15,https://www.airbnb.com/rooms/1601971308143492778,Kabupaten Bandung Barat
Home in Batujajar - JJ house KBP Bandung,"Rp 6,276,474",4.99,85,https://www.airbnb.com/rooms/1028004274344603497,Kabupaten Bandung Barat
Home in Kecamatan Saguling - {20% off Aug} Fanawa Family Villa | 4 BR | KBP,"Rp 9,207,312",5.0,9,https://www.airbnb.com/rooms/1640666889329520443,Kabupaten Bandung Barat
Home in Batujajar - Naomi Kartika Villa in Bandung,"Rp 7,984,865",4.95,59,https://www.airbnb.com/rooms/1043268472805496526,Kabupaten Bandung Barat
Home in Kecamatan Padalarang - Tatar Banyak Sumba | Kota Baru Parahyangan,"Rp 7,070,000",New,0,https://www.airbnb.com/rooms/1741072987434523783,Kabupaten Bandung Barat
Home in Parompong - 3BR Luxury Villa Setraduta w/ Waterfall View,"Rp 15,750,000",4.75,4,https://www.airbnb.com/rooms/1691125273416383042,Kabupaten Bandung Barat
Shared room in Sumurbandung - Moku Nest | City View | Braga | Mall | Pool,"Rp 2,510,589",New,0,https://www.airbnb.com/rooms/1739775584410473772,Kabupaten Bandung Barat
Home in Lembang - Cottonwood Pavana Heated-Pool BBQ Pingpong Fitness,"Rp 28,605,103",4.93,14,https://www.airbnb.com/rooms/1385958988387987716,Kabupaten Bandung Barat
Home in Cisarua - Iremia House 2: Pool Villa,"Rp 17,513,740",4.93,97,https://www.airbnb.com/rooms/1294624273787205331,Kabupaten Bandung Barat
Apartment in Kiaracondong - Ris Estate Apartemen Gateway Ahmad Yani Bandung,"Rp 1,825,000",New,0,https://www.airbnb.com/rooms/1744969580728094185,Kabupaten Bandung Barat
Apartment in Coblong - Chroma Studio at Dago Suites Apartment Bandung,"Rp 3,327,609",5.0,52,https://www.airbnb.com/rooms/1467818632112308068,Kabupaten Bandung Barat
Apartment in Kecamatan Andir - Cozy Japanese Muji Style 2Bedroom up to 7 people,"Rp 3,229,531",4.98,41,https://www.airbnb.com/rooms/1247017594321565973,Kabupaten Bandung Barat
Villa in Pasirjambu - AVANA Riverside Villa's - Freesia 6 (With Pool),"Rp 10,912,516",5.0,7,https://www.airbnb.com/rooms/1388918947400226985,Kabupaten Bandung Barat
Apartment in Kecamatan Andir - Minimalist 2BR @Sudirman Suites Apartment Bandung,"Rp 2,761,647",4.84,167,https://www.airbnb.com/rooms/993203592250979815,Kabupaten Bandung Barat
Home in Kecamatan Cidadap - Rumah Cipaku Indah - Bandung,"Rp 6,570,057",4.9,29,https://www.airbnb.com/rooms/1030270215326931342,Kabupaten Bandung Barat
"Home in Batujajar - Wasabi House, Kota Baru Parahyangan","Rp 8,850,000",4.81,42,https://www.airbnb.com/rooms/1199764341139267102,Kabupaten Bandung Barat
Villa in Lembang - Nava Castle Lembang,"Rp 19,097,635",4.9,10,https://www.airbnb.com/rooms/1579414374374445044,Kabupaten Bandung Barat
Apartment in Kecamatan Cidadap - Art Deco Private Jacuzzi Suite For Family,"Rp 5,353,538",4.96,159,https://www.airbnb.com/rooms/619433775071810257,Kabupaten Bandung Barat
"Home in Kecamatan Antapani - RumahBojong 3BR - with Netflix, Swimming Pool","Rp 7,005,495",4.88,65,https://www.airbnb.com/rooms/1269165370721502252,Kabupaten Bandung Barat
Apartment in Andir - Apartment Sudirman Suites | 2BR | 2nd Floor,"Rp 2,862,300",4.82,17,https://www.airbnb.com/rooms/1454816682909418941,Kabupaten Bandung Barat
Apartment in Kecamatan Cidadap - Parahyangan residence 2BR by enisan japan concept,"Rp 4,634,616",4.95,42,https://www.airbnb.com/rooms/1003089684418896668,Kabupaten Bandung Barat
Home in Ngamprah - Staycation at La Casa de Zura,"Rp 2,894,905",4.98,48,https://www.airbnb.com/rooms/1429535053138784073,Kabupaten Bandung Barat
Home in Lembang - Lembang Villa with Rooftop Jacuzzi - EV Ready,"Rp 6,926,000",4.67,3,https://www.airbnb.com/rooms/1722801532879870647,Kabupaten Bandung Barat
Home in Parompong - Villa Noesae,"Rp 61,623,558",5.0,6,https://www.airbnb.com/rooms/1414942321733786754,Kabupaten Bandung Barat
Villa in Lembang - Goy Villa Lembang,"Rp 17,209,574",4.98,80,https://www.airbnb.com/rooms/629957490327779346,Kabupaten Bandung Barat
Home in Kecamatan Cicendo - Westhoff Premium Dutch House Citi Center,"Rp 22,281,322",4.99,111,https://www.airbnb.com/rooms/46255336,Kabupaten Bandung Barat
Nature lodge in Bandung - Wind’s Cabin (Regular Package),"Rp 1,997,060",4.95,99,https://www.airbnb.com/rooms/46127210,Kabupaten Bandung Barat
Home in Lembang - Villa Lumina | Dago | Jacuzi | Billiard | Netflix,"Rp 11,240,593",4.73,15,https://www.airbnb.com/rooms/1609180232178837599,Kabupaten Bandung Barat
Townhouse in Bojongsoang - Cozzzy Home – Private 3BR House in Podomoro Park,"Rp 4,992,672",5.0,6,https://www.airbnb.com/rooms/1655440221646684733,Kabupaten Bandung Barat
Home in Lembang - Vintianish Lembang House,"Rp 12,259,615",4.79,42,https://www.airbnb.com/rooms/36000152,Kabupaten Bandung Barat
Apartment in Kecamatan Andir - Airy 1 BR | Sudirman Suites Apartment | 21 RW 08,"Rp 2,244,943",4.9,92,https://www.airbnb.com/rooms/964422381448995818,Kabupaten Bandung Barat
Villa in Parompong - Silas House - Midcentury Villa with Onsen,"Rp 21,016,486",4.9,40,https://www.airbnb.com/rooms/1136088355197125723,Kabupaten Bandung Barat
Villa in Parompong - Villa Alam 1 - Komplek Graha Puspa by Your Home,"Rp 14,495,000",New,0,https://www.airbnb.com/rooms/1723622087445025075,Kabupaten Bandung Barat
Farm stay in Lembang - 4BR Villa on a 6400 sqm Estate with Panoramic View,"Rp 20,049,000",5.0,7,https://www.airbnb.com/rooms/1509273805648181192,Kabupaten Bandung Barat
Cabin in Pasirjambu - AVANA Riverside Villa's - Freesia 4 (With Pool),"Rp 11,538,644",5.0,5,https://www.airbnb.com/rooms/1411244153152237240,Kabupaten Bandung Barat
Home in Sukasari - Rumah Taman Family Guest House - Sersan Bajuri,"Rp 8,022,474",4.8,293,https://www.airbnb.com/rooms/4961192,Kabupaten Bandung Barat
Villa in Cimenyan - Villa Wezu Dago Bandung,"Rp 26,703,542",5.0,76,https://www.airbnb.com/rooms/1020506021481813014,Kabupaten Bandung Barat
"Home in Batujajar - Hanna Home KBP (3BR/8Pax): Wheelchair, IKEA, Wahoo","Rp 4,678,826",4.88,8,https://www.airbnb.com/rooms/1221029486933673783,Kabupaten Bandung Barat
Home in Parompong - Hizam House Setiabudi Lembang UPI PVJ Bandung,"Rp 9,107,145",4.83,64,https://www.airbnb.com/rooms/1158608177450685551,Kabupaten Bandung Barat
Home in Padalarang - Sewa Rumah Harian Full Furnished,"Rp 6,504,709",5.0,4,https://www.airbnb.com/rooms/1485366319317149854,Kabupaten Bandung Barat
Home in Kabupaten Bandung Barat - TwelveStones at KBP|Heated pool/private onsen,"Rp 12,500,000",5.0,20,https://www.airbnb.com/rooms/989610227178440274,Kabupaten Bandung Barat
"Home in Parompong - Villa Apurva Bandung, a tranquil and comfy escape!","Rp 34,235,310",N/A,0,https://www.airbnb.com/rooms/1653432957613184294,Kabupaten Bandung Barat
Villa in Kota Baru Parahyangan - Saraya Villa by Kozystay | Near Whoosh | KBP,"Rp 8,099,370",New,0,https://www.airbnb.com/rooms/1670716936138504829,Kabupaten Bandung Barat
Home in Cimenyan - North Castle Infinity Pool. Quiet hours after 9PM,"Rp 11,633,217",4.84,44,https://www.airbnb.com/rooms/1246264212186773576,Kabupaten Bandung Barat
"Home in Parompong - Villa Amethyst J-09 5BR,Privatepool,Billiard","Rp 27,901,778",N/A,0,https://www.airbnb.com/rooms/1690950231965819648,Kabupaten Bandung Barat
Room in Bandung Wetan - The Gempol Room - Aesthetic and Strategic 4,"Rp 1,412,207",4.94,17,https://www.airbnb.com/rooms/1530349993770468582,Kabupaten Bandung Barat
Apartment in Sumur Bandung - Braga City Walk 3BR Apartment - Homy & Spacious,"Rp 7,822,802",4.76,347,https://www.airbnb.com/rooms/18342222,Kabupaten Bandung Barat
Villa in Parompong - Villa Daun Trinity,"Rp 26,500,000",4.55,20,https://www.airbnb.com/rooms/1373674048556717736,Kabupaten Bandung Barat
"Home in Padalarang, Bandung - Manna Tatami House KBP Bandung near Wahoo, Whoosh","Rp 7,415,000",N/A,0,https://www.airbnb.com/rooms/1492456104208864497,Kabupaten Bandung Barat
"Home in Babakan Ciparay - The Sakura House - Casa 99 Bandung, near Paskal 23","Rp 19,973,606",5.0,9,https://www.airbnb.com/rooms/1442533040984761797,Kabupaten Bandung Barat
"Home in Bandung Wetan - ""WITTE HUIS"",  a beautiful ""art deco"" house","Rp 6,947,115",4.92,234,https://www.airbnb.com/rooms/34048078,Kabupaten Bandung Barat
Apartment in Kecamatan Cicendo - New Brilliant 3BR Landmark Residence | Paskal 23,"Rp 7,303,533",4.9,111,https://www.airbnb.com/rooms/776115478737078759,Kabupaten Bandung Barat
Villa in Cimenyan - 7BR Dago Pakar | Private Pool + BBQ | 14 Guests,"Rp 40,865,390",5.0,34,https://www.airbnb.com/rooms/842242683512448720,Kabupaten Bandung Barat
Villa in Coblong - Bukit Dago Palace 22,"Rp 25,960,000",4.78,194,https://www.airbnb.com/rooms/15416496,Kabupaten Bandung Barat
"Home in Cimenyan - Villa Imageo Dago – 4BR, Pool, Karaoke, Biliar","Rp 16,684,485",4.8,10,https://www.airbnb.com/rooms/1570083785180741783,Kabupaten Bandung Barat
"Home in Kecamatan Sukajadi - Spacious 4BR Villa ParisVanJava, Pasteur, Paskal","Rp 9,892,233",4.87,15,https://www.airbnb.com/rooms/1385448894932972520,Kabupaten Bandung Barat
Guest suite in Kecamatan Sukajadi - Beautiful Living Garden Pasteur,"Rp 7,555,672",4.96,83,https://www.airbnb.com/rooms/1043230693114228999,Kabupaten Bandung Barat
Villa in Parompong - Montrii House - Alvar Suite- Mid Century Villa,"Rp 16,054,260",4.97,35,https://www.airbnb.com/rooms/562498271762366418,Kabupaten Bandung Barat
"Villa in Bandung - ""Cipaku Rumah Villa""","Rp 14,721,183",4.95,329,https://www.airbnb.com/rooms/17773568,Kabupaten Bandung Barat
Apartment in Cicendo - 2BR Apartment Homy Living at Gateway Pasteur,"Rp 2,929,844",5.0,6,https://www.airbnb.com/rooms/1672978017108497030,Kabupaten Bandung Barat
