"property_type","district","listing_title","price_idr","rating","is_new_listing","jumlah_review","link","wilayah","location_group"
"Home","Cibeunying Kaler","Serene Pet-Friendly Family Lux Villa, Aqua Ville","9848899","5.00","",33,"https://www.airbnb.com/rooms/1647712818622104523","Kota Bandung","Bandung Raya"
"Apartment","Cidadap","Dago, Ciumbuleuit, ITB | Cozy & Comfort | 4 Guests","3446781","4.98","",132,"https://www.airbnb.com/rooms/1583745571091269827","Kota Bandung","Bandung Raya"
"Home","Sukajadi","Pine Breeze W/ Backyard","12500000","4.95","",112,"https://www.airbnb.com/rooms/1400529902543354123","Kota Bandung","Bandung Raya"
"Apartment","Cidadap","Abony | Bandung | PVJ | Lembang | Pool","2054119","4.87","",38,"https://www.airbnb.com/rooms/1496783488914922824","Kota Bandung","Bandung Raya"
"Home","Cidadap","Wangiterrace","9883877","4.98","",51,"https://www.airbnb.com/rooms/1504314537783385401","Kota Bandung","Bandung Raya"
"Home","Cidadap","Villa Zenka by Kava Stay","8312500","4.80","",10,"https://www.airbnb.com/rooms/1725329399059912416","Kota Bandung","Bandung Raya"
"Home","Parompong","Big Family Villa with open space, Coney Ville","9498548","4.96","",456,"https://www.airbnb.com/rooms/52666488","Kota Bandung","Bandung Raya"
"Apartment","Cicendo","Raj Estate– Lux Apartement @ Gateway Pasteur","1990000","",1,0,"https://www.airbnb.com/rooms/1734004458707716799","Kota Bandung","Bandung Raya"
"Apartment","Cidadap","CozyGreenStudioWMBalconySmartTV WIIM LEGO","2163548","4.99","",148,"https://www.airbnb.com/rooms/1123071848744434654","Kota Bandung","Bandung Raya"
"Home","Bandung Wetan","Upstairs Tamanari","6961180","4.98","",131,"https://www.airbnb.com/rooms/962143730936904891","Kota Bandung","Bandung Raya"
"Apartment","Sukajadi","2BR Apartment Majesty W/ Pool","4150000","4.91","",101,"https://www.airbnb.com/rooms/1304028160969350787","Kota Bandung","Bandung Raya"
"Villa","Lembang","Cherry House Villa | Punclut Bandung","6100000","4.93","",345,"https://www.airbnb.com/rooms/47212839","Kota Bandung","Bandung Raya"
"Apartment","Cicendo","Terra | 2 BR Lagom Suites | Pasteur Gateway","2359720","4.93","",46,"https://www.airbnb.com/rooms/1415085424885277266","Kota Bandung","Bandung Raya"
"Apartment","Sumur Bandung","Boaz La Grande Apartment  Jl. Merdeka   2 Bedroom","3252354","4.90","",125,"https://www.airbnb.com/rooms/1206782548574391457","Kota Bandung","Bandung Raya"
"Apartment","Cicendo","2BR Gateway Pasteur W/ Pool","3250000","4.95","",82,"https://www.airbnb.com/rooms/1484600971492317883","Kota Bandung","Bandung Raya"
"Apartment","Sumurbandung","[Luxurious&Magnificent]LaGrande 4 Apt Bdg|4guest","2440000","5.00","",64,"https://www.airbnb.com/rooms/1630927216387438913","Kota Bandung","Bandung Raya"
"Apartment","Cidadap","2BR Parahyangan Residences W/ Pool & Playstation 5","3174000","4.98","",46,"https://www.airbnb.com/rooms/1585446244570868458","Kota Bandung","Bandung Raya"
"Apartment","Andir","Rosewood 01 | 2 BR Curated Home | Sudirman Suites","5330601","5.00","",7,"https://www.airbnb.com/rooms/1714912925914707856","Kota Bandung","Bandung Raya"
"Home","Ngamprah","NEW! 2 BR Cozy Tropical Family House near Lembang.","3488428","5.00","",4,"https://www.airbnb.com/rooms/1702616544325915306","Kota Bandung","Bandung Raya"
"Home","Coblong","Terra castle zen garden. Quite hours after 9 PM","2521979","4.82","",91,"https://www.airbnb.com/rooms/1248527436884976500","Kota Bandung","Bandung Raya"
"Home","Parompong","Hana Villa by Kava Stay","14297500","5.00","",30,"https://www.airbnb.com/rooms/1669533581640154472","Kota Bandung","Bandung Raya"
"Villa","Parompong","Huge Family Villa with open space, Monroe Ville","10915159","4.96","",438,"https://www.airbnb.com/rooms/53303572","Kota Bandung","Bandung Raya"
"Home","Lengkong","Iremia House 3: Above The Crowd","6129810","4.98","",53,"https://www.airbnb.com/rooms/1478856517073162469","Kota Bandung","Bandung Raya"
"Tiny home","Cimenyan","Vila Kubus A for 2-6 orang","6500000","4.93","",289,"https://www.airbnb.com/rooms/997426152002576278","Kota Bandung","Bandung Raya"
"Apartment","Cimenyan","2 BR Rooftop Apart w/ Netflix & Spectacular View","3300000","4.78","",294,"https://www.airbnb.com/rooms/41043129","Kota Bandung","Bandung Raya"
"Home","Arcamanik","Izzy's House-Feels Like Home","4850002","4.92","",85,"https://www.airbnb.com/rooms/1368594754513768140","Kota Bandung","Bandung Raya"
"Apartment","Coblong","Kallista | Bandung | Dago | ITB | UNPAR | Pool","5962650","4.92","",26,"https://www.airbnb.com/rooms/1482702388518346903","Kota Bandung","Bandung Raya"
"Condo","Sumurbandung","Greywood | On Braga Street | City Center | 3 Guest","2225295","4.97","",73,"https://www.airbnb.com/rooms/1082543828849537611","Kota Bandung","Bandung Raya"
"Apartment","Cicendo","New | 2 BR Modern Suites | Gateway Pasteur","2754587","4.90","",21,"https://www.airbnb.com/rooms/1507091176210722610","Kota Bandung","Bandung Raya"
"Room","Bandung Wetan","The Gempol Room - Aesthetic and Strategic","1412207","4.92","",25,"https://www.airbnb.com/rooms/1528301489410430491","Kota Bandung","Bandung Raya"
"Home","Cidadap","Lembah Dago Home @ HEART of CITY","5177132","5.00","",37,"https://www.airbnb.com/rooms/1424213027174966282","Kota Bandung","Bandung Raya"
"Home","Parompong","Modern house with a Blue Hot Onsen","5363532","4.87","",175,"https://www.airbnb.com/rooms/1000397110591502108","Kota Bandung","Bandung Raya"
"Room","Cidadap","Japandi Stay Bandung • Bathtub & Cozy Retreat","3420000","4.96","",26,"https://www.airbnb.com/rooms/1577476268483108777","Kota Bandung","Bandung Raya"
"Apartment","Cicendo","Takao by Kitanari • Japandi Retreat near Pasteur","3529601","4.97","",174,"https://www.airbnb.com/rooms/1137961605836717698","Kota Bandung","Bandung Raya"
"Apartment","Cicendo","The Pharaoh | Bandung | Pasteur | Lembang | Pool","2778766","5.00","",11,"https://www.airbnb.com/rooms/1601970570332696640","Kota Bandung","Bandung Raya"
"Guesthouse","Cidadap","Private Room Bandung • 7 Bunk Beds & Designer","1519994","4.94","",71,"https://www.airbnb.com/rooms/1160630751628825468","Kota Bandung","Bandung Raya"
"Home","Lembang","Villa Alinda C05 by Kava Stay","6650000","4.82","",108,"https://www.airbnb.com/rooms/1202109871665800050","Kota Bandung","Bandung Raya"
"Home","Cimenyan","Villa Casamara – 3 Bedrooms Private Pool & Karaoke","12756417","5.00","",17,"https://www.airbnb.com/rooms/1596807142210535527","Kota Bandung","Bandung Raya"
"Home","Arcamanik","Liana by Izzy House","5477650","4.89","",57,"https://www.airbnb.com/rooms/1508624860623519000","Kota Bandung","Bandung Raya"
"Home","Parompong","Villa Terra | 10+ people | Pool | BBQ | Bandung","10099416","4.82","",28,"https://www.airbnb.com/rooms/1614883858893736855","Kota Bandung","Bandung Raya"
"Home","Bandung Wetan","WEleven Bandung - 3BR House at Premium Location","6961180","4.97","",210,"https://www.airbnb.com/rooms/693713969373643926","Kota Bandung","Bandung Raya"
"Room","Bandung Wetan","The Gempol Room - Aesthetic and Strategic 2","1412207","4.81","",31,"https://www.airbnb.com/rooms/1528310025143378156","Kota Bandung","Bandung Raya"
"Home","Cidadap","Goodbed Villa cipaku setiabudi Bandung","6529620","4.88","",324,"https://www.airbnb.com/rooms/23811035","Kota Bandung","Bandung Raya"
"Home","Sukajadi","Ngariung Villa W/ Pool & Billiard","12445000","4.91","",33,"https://www.airbnb.com/rooms/1591975230530686378","Kota Bandung","Bandung Raya"
"Home","Mandalajati","3BR Emtiga Villa with Balcony | Best Deal in Bandung","3095000","5.00","",28,"https://www.airbnb.com/rooms/1667380997602844782","Kota Bandung","Bandung Raya"
"Home","Parompong","Villa 360 W/ Pool, Billiard & PS5","10687500","4.86","",63,"https://www.airbnb.com/rooms/1505728214765389618","Kota Bandung","Bandung Raya"
"Home","Parompong","Villa Verbena W/ Pool & Spacious Garden","7885000","4.85","",33,"https://www.airbnb.com/rooms/1578045868291073177","Kota Bandung","Bandung Raya"
"Boutique hotel","Sukajadi","Kinimimpi - Aether Suite - steps to padel court","2034719","4.86","",74,"https://www.airbnb.com/rooms/1253951318267481988","Kota Bandung","Bandung Raya"
"Home","Bandung Wetan","Cozy Living at Bandung City Center","8846333","4.92","",205,"https://www.airbnb.com/rooms/52395407","Kota Bandung","Bandung Raya"
"Villa","Cimenyan","Tropical Dago - Monstera 1BR with kitchen and pool","8500000","4.96","",25,"https://www.airbnb.com/rooms/1507139861481797098","Kota Bandung","Bandung Raya"
